"name";"url";"query";"woeid";"City"
"#DiaDelLibro";"http://twitter.com/search?q=%23DiaDelLibro";"%23DiaDelLibro";"754542";"Bilbao"
"#SantJordi";"http://twitter.com/search?q=%23SantJordi";"%23SantJordi";"754542";"Bilbao"
"#ELDEBATEenRTVE";"http://twitter.com/search?q=%23ELDEBATEenRTVE";"%23ELDEBATEenRTVE";"754542";"Bilbao"
"Rivera";"http://twitter.com/search?q=Rivera";"Rivera";"754542";"Bilbao"
"#DebateRTVE";"http://twitter.com/search?q=%23DebateRTVE";"%23DebateRTVE";"754542";"Bilbao"
"Casado";"http://twitter.com/search?q=Casado";"Casado";"754542";"Bilbao"
"Día del Libro";"http://twitter.com/search?q=%22D%C3%ADa+del+Libro%22";"%22D%C3%ADa+del+Libro%22";"754542";"Bilbao"
"Pablo Iglesias";"http://twitter.com/search?q=%22Pablo+Iglesias%22";"%22Pablo+Iglesias%22";"754542";"Bilbao"
"#DebateAtresmedia";"http://twitter.com/search?q=%23DebateAtresmedia";"%23DebateAtresmedia";"754542";"Bilbao"
"Willy Toledo";"http://twitter.com/search?q=%22Willy+Toledo%22";"%22Willy+Toledo%22";"754542";"Bilbao"
"Zalgiris";"http://twitter.com/search?q=Zalgiris";"Zalgiris";"754542";"Bilbao"
"El Alcoraz";"http://twitter.com/search?q=%22El+Alcoraz%22";"%22El+Alcoraz%22";"754542";"Bilbao"
"Daniel Cuevas";"http://twitter.com/search?q=%22Daniel+Cuevas%22";"%22Daniel+Cuevas%22";"754542";"Bilbao"
"OAKA";"http://twitter.com/search?q=OAKA";"OAKA";"754542";"Bilbao"
"Courtois";"http://twitter.com/search?q=Courtois";"Courtois";"754542";"Bilbao"
"Skywalker";"http://twitter.com/search?q=Skywalker";"Skywalker";"754542";"Bilbao"
"kaunas";"http://twitter.com/search?q=kaunas";"kaunas";"754542";"Bilbao"
"El Requexón";"http://twitter.com/search?q=%22El+Requex%C3%B3n%22";"%22El+Requex%C3%B3n%22";"754542";"Bilbao"
"Tejado";"http://twitter.com/search?q=Tejado";"Tejado";"754542";"Bilbao"
"De Blasis";"http://twitter.com/search?q=%22De+Blasis%22";"%22De+Blasis%22";"754542";"Bilbao"
"Índico";"http://twitter.com/search?q=%C3%8Dndico";"%C3%8Dndico";"754542";"Bilbao"
"María José Carrasco";"http://twitter.com/search?q=%22Mar%C3%ADa+Jos%C3%A9+Carrasco%22";"%22Mar%C3%ADa+Jos%C3%A9+Carrasco%22";"754542";"Bilbao"
"stéphanie frappart";"http://twitter.com/search?q=%22st%C3%A9phanie+frappart%22";"%22st%C3%A9phanie+frappart%22";"754542";"Bilbao"
"Alberto Casillas";"http://twitter.com/search?q=%22Alberto+Casillas%22";"%22Alberto+Casillas%22";"754542";"Bilbao"
"Pedro León";"http://twitter.com/search?q=%22Pedro+Le%C3%B3n%22";"%22Pedro+Le%C3%B3n%22";"754542";"Bilbao"
"Abegondo";"http://twitter.com/search?q=Abegondo";"Abegondo";"754542";"Bilbao"
"Democracia Nacional";"http://twitter.com/search?q=%22Democracia+Nacional%22";"%22Democracia+Nacional%22";"754542";"Bilbao"
"Merve";"http://twitter.com/search?q=Merve";"Merve";"754542";"Bilbao"
"El Huesca";"http://twitter.com/search?q=%22El+Huesca%22";"%22El+Huesca%22";"754542";"Bilbao"
"#HazQueNoPase";"http://twitter.com/search?q=%23HazQueNoPase";"%23HazQueNoPase";"754542";"Bilbao"
"#DebateDecisivoARV";"http://twitter.com/search?q=%23DebateDecisivoARV";"%23DebateDecisivoARV";"754542";"Bilbao"
"#HuescaEibar";"http://twitter.com/search?q=%23HuescaEibar";"%23HuescaEibar";"754542";"Bilbao"
"#TraiciónDeEmreDivinity";"http://twitter.com/search?q=%23Traici%C3%B3nDeEmreDivinity";"%23Traici%C3%B3nDeEmreDivinity";"754542";"Bilbao"
"#tartarmen";"http://twitter.com/search?q=%23tartarmen";"%23tartarmen";"754542";"Bilbao"
"#PorTuCaraDeMartes";"http://twitter.com/search?q=%23PorTuCaraDeMartes";"%23PorTuCaraDeMartes";"754542";"Bilbao"
"#EmpiezaLoBueno";"http://twitter.com/search?q=%23EmpiezaLoBueno";"%23EmpiezaLoBueno";"754542";"Bilbao"
"#LosInfiltradosDeGol";"http://twitter.com/search?q=%23LosInfiltradosDeGol";"%23LosInfiltradosDeGol";"754542";"Bilbao"
"#cuatroaldia45";"http://twitter.com/search?q=%23cuatroaldia45";"%23cuatroaldia45";"754542";"Bilbao"
"#QuiénEsLaOtra";"http://twitter.com/search?q=%23Qui%C3%A9nEsLaOtra";"%23Qui%C3%A9nEsLaOtra";"754542";"Bilbao"
"#CopaDeCampeones";"http://twitter.com/search?q=%23CopaDeCampeones";"%23CopaDeCampeones";"754542";"Bilbao"
"#pantovivientes";"http://twitter.com/search?q=%23pantovivientes";"%23pantovivientes";"754542";"Bilbao"
"#DevoraLibros";"http://twitter.com/search?q=%23DevoraLibros";"%23DevoraLibros";"754542";"Bilbao"
"#yoveosálvame";"http://twitter.com/search?q=%23yoveos%C3%A1lvame";"%23yoveos%C3%A1lvame";"754542";"Bilbao"
"#WorldBookDay";"http://twitter.com/search?q=%23WorldBookDay";"%23WorldBookDay";"754542";"Bilbao"
"#MVPMovistar";"http://twitter.com/search?q=%23MVPMovistar";"%23MVPMovistar";"754542";"Bilbao"
"#PelazoFructis";"http://twitter.com/search?q=%23PelazoFructis";"%23PelazoFructis";"754542";"Bilbao"
"#RelatoPanenka";"http://twitter.com/search?q=%23RelatoPanenka";"%23RelatoPanenka";"754542";"Bilbao"
"#ElRegaloDeLeer";"http://twitter.com/search?q=%23ElRegaloDeLeer";"%23ElRegaloDeLeer";"754542";"Bilbao"
"#DebateA3Media";"http://twitter.com/search?q=%23DebateA3Media";"%23DebateA3Media";"754542";"Bilbao"
"#TodoEsMentira74";"http://twitter.com/search?q=%23TodoEsMentira74";"%23TodoEsMentira74";"754542";"Bilbao"
"#ELDEBATEenRTVE";"http://twitter.com/search?q=%23ELDEBATEenRTVE";"%23ELDEBATEenRTVE";"764814";"Las Palmas de Gran Canaria"
"España";"http://twitter.com/search?q=Espa%C3%B1a";"Espa%C3%B1a";"764814";"Las Palmas de Gran Canaria"
"#DebateAtresmedia";"http://twitter.com/search?q=%23DebateAtresmedia";"%23DebateAtresmedia";"764814";"Las Palmas de Gran Canaria"
"#HazQueNoPase";"http://twitter.com/search?q=%23HazQueNoPase";"%23HazQueNoPase";"764814";"Las Palmas de Gran Canaria"
"Willy Toledo";"http://twitter.com/search?q=%22Willy+Toledo%22";"%22Willy+Toledo%22";"764814";"Las Palmas de Gran Canaria"
"#DebateDecisivoARV";"http://twitter.com/search?q=%23DebateDecisivoARV";"%23DebateDecisivoARV";"764814";"Las Palmas de Gran Canaria"
"#HuescaEibar";"http://twitter.com/search?q=%23HuescaEibar";"%23HuescaEibar";"764814";"Las Palmas de Gran Canaria"
"Zalgiris";"http://twitter.com/search?q=Zalgiris";"Zalgiris";"764814";"Las Palmas de Gran Canaria"
"El Alcoraz";"http://twitter.com/search?q=%22El+Alcoraz%22";"%22El+Alcoraz%22";"764814";"Las Palmas de Gran Canaria"
"Daniel Cuevas";"http://twitter.com/search?q=%22Daniel+Cuevas%22";"%22Daniel+Cuevas%22";"764814";"Las Palmas de Gran Canaria"
"OAKA";"http://twitter.com/search?q=OAKA";"OAKA";"764814";"Las Palmas de Gran Canaria"
"Courtois";"http://twitter.com/search?q=Courtois";"Courtois";"764814";"Las Palmas de Gran Canaria"
"Skywalker";"http://twitter.com/search?q=Skywalker";"Skywalker";"764814";"Las Palmas de Gran Canaria"
"kaunas";"http://twitter.com/search?q=kaunas";"kaunas";"764814";"Las Palmas de Gran Canaria"
"El Requexón";"http://twitter.com/search?q=%22El+Requex%C3%B3n%22";"%22El+Requex%C3%B3n%22";"764814";"Las Palmas de Gran Canaria"
"Tejado";"http://twitter.com/search?q=Tejado";"Tejado";"764814";"Las Palmas de Gran Canaria"
"De Blasis";"http://twitter.com/search?q=%22De+Blasis%22";"%22De+Blasis%22";"764814";"Las Palmas de Gran Canaria"
"Índico";"http://twitter.com/search?q=%C3%8Dndico";"%C3%8Dndico";"764814";"Las Palmas de Gran Canaria"
"María José Carrasco";"http://twitter.com/search?q=%22Mar%C3%ADa+Jos%C3%A9+Carrasco%22";"%22Mar%C3%ADa+Jos%C3%A9+Carrasco%22";"764814";"Las Palmas de Gran Canaria"
"stéphanie frappart";"http://twitter.com/search?q=%22st%C3%A9phanie+frappart%22";"%22st%C3%A9phanie+frappart%22";"764814";"Las Palmas de Gran Canaria"
"Alberto Casillas";"http://twitter.com/search?q=%22Alberto+Casillas%22";"%22Alberto+Casillas%22";"764814";"Las Palmas de Gran Canaria"
"Lexus";"http://twitter.com/search?q=Lexus";"Lexus";"764814";"Las Palmas de Gran Canaria"
"Pedro León";"http://twitter.com/search?q=%22Pedro+Le%C3%B3n%22";"%22Pedro+Le%C3%B3n%22";"764814";"Las Palmas de Gran Canaria"
"Galván";"http://twitter.com/search?q=Galv%C3%A1n";"Galv%C3%A1n";"764814";"Las Palmas de Gran Canaria"
"Abegondo";"http://twitter.com/search?q=Abegondo";"Abegondo";"764814";"Las Palmas de Gran Canaria"
"Merve";"http://twitter.com/search?q=Merve";"Merve";"764814";"Las Palmas de Gran Canaria"
"El Huesca";"http://twitter.com/search?q=%22El+Huesca%22";"%22El+Huesca%22";"764814";"Las Palmas de Gran Canaria"
"Gemini Man";"http://twitter.com/search?q=%22Gemini+Man%22";"%22Gemini+Man%22";"764814";"Las Palmas de Gran Canaria"
"Ang Lee";"http://twitter.com/search?q=%22Ang+Lee%22";"%22Ang+Lee%22";"764814";"Las Palmas de Gran Canaria"
"#TraiciónDeEmreDivinity";"http://twitter.com/search?q=%23Traici%C3%B3nDeEmreDivinity";"%23Traici%C3%B3nDeEmreDivinity";"764814";"Las Palmas de Gran Canaria"
"#tartarmen";"http://twitter.com/search?q=%23tartarmen";"%23tartarmen";"764814";"Las Palmas de Gran Canaria"
"#PorTuCaraDeMartes";"http://twitter.com/search?q=%23PorTuCaraDeMartes";"%23PorTuCaraDeMartes";"764814";"Las Palmas de Gran Canaria"
"#EmpiezaLoBueno";"http://twitter.com/search?q=%23EmpiezaLoBueno";"%23EmpiezaLoBueno";"764814";"Las Palmas de Gran Canaria"
"#LosInfiltradosDeGol";"http://twitter.com/search?q=%23LosInfiltradosDeGol";"%23LosInfiltradosDeGol";"764814";"Las Palmas de Gran Canaria"
"#cuatroaldia45";"http://twitter.com/search?q=%23cuatroaldia45";"%23cuatroaldia45";"764814";"Las Palmas de Gran Canaria"
"#QuiénEsLaOtra";"http://twitter.com/search?q=%23Qui%C3%A9nEsLaOtra";"%23Qui%C3%A9nEsLaOtra";"764814";"Las Palmas de Gran Canaria"
"#CopaDeCampeones";"http://twitter.com/search?q=%23CopaDeCampeones";"%23CopaDeCampeones";"764814";"Las Palmas de Gran Canaria"
"#pantovivientes";"http://twitter.com/search?q=%23pantovivientes";"%23pantovivientes";"764814";"Las Palmas de Gran Canaria"
"#DevoraLibros";"http://twitter.com/search?q=%23DevoraLibros";"%23DevoraLibros";"764814";"Las Palmas de Gran Canaria"
"#yoveosálvame";"http://twitter.com/search?q=%23yoveos%C3%A1lvame";"%23yoveos%C3%A1lvame";"764814";"Las Palmas de Gran Canaria"
"#WorldBookDay";"http://twitter.com/search?q=%23WorldBookDay";"%23WorldBookDay";"764814";"Las Palmas de Gran Canaria"
"#MVPMovistar";"http://twitter.com/search?q=%23MVPMovistar";"%23MVPMovistar";"764814";"Las Palmas de Gran Canaria"
"#PelazoFructis";"http://twitter.com/search?q=%23PelazoFructis";"%23PelazoFructis";"764814";"Las Palmas de Gran Canaria"
"#RelatoPanenka";"http://twitter.com/search?q=%23RelatoPanenka";"%23RelatoPanenka";"764814";"Las Palmas de Gran Canaria"
"#ElRegaloDeLeer";"http://twitter.com/search?q=%23ElRegaloDeLeer";"%23ElRegaloDeLeer";"764814";"Las Palmas de Gran Canaria"
"#DebateA3Media";"http://twitter.com/search?q=%23DebateA3Media";"%23DebateA3Media";"764814";"Las Palmas de Gran Canaria"
"#TodoEsMentira74";"http://twitter.com/search?q=%23TodoEsMentira74";"%23TodoEsMentira74";"764814";"Las Palmas de Gran Canaria"
"#R6SpainNationals";"http://twitter.com/search?q=%23R6SpainNationals";"%23R6SpainNationals";"764814";"Las Palmas de Gran Canaria"
"#AtletiValencia";"http://twitter.com/search?q=%23AtletiValencia";"%23AtletiValencia";"764814";"Las Palmas de Gran Canaria"
"#bbmastopsociai";"http://twitter.com/search?q=%23bbmastopsociai";"%23bbmastopsociai";"764814";"Las Palmas de Gran Canaria"
"#DebateAtresmedia";"http://twitter.com/search?q=%23DebateAtresmedia";"%23DebateAtresmedia";"769293";"Palma"
"#HazQueNoPase";"http://twitter.com/search?q=%23HazQueNoPase";"%23HazQueNoPase";"769293";"Palma"
"Willy Toledo";"http://twitter.com/search?q=%22Willy+Toledo%22";"%22Willy+Toledo%22";"769293";"Palma"
"#DebateDecisivoARV";"http://twitter.com/search?q=%23DebateDecisivoARV";"%23DebateDecisivoARV";"769293";"Palma"
"#HuescaEibar";"http://twitter.com/search?q=%23HuescaEibar";"%23HuescaEibar";"769293";"Palma"
"Zalgiris";"http://twitter.com/search?q=Zalgiris";"Zalgiris";"769293";"Palma"
"#TraiciónDeEmreDivinity";"http://twitter.com/search?q=%23Traici%C3%B3nDeEmreDivinity";"%23Traici%C3%B3nDeEmreDivinity";"769293";"Palma"
"El Alcoraz";"http://twitter.com/search?q=%22El+Alcoraz%22";"%22El+Alcoraz%22";"769293";"Palma"
"Daniel Cuevas";"http://twitter.com/search?q=%22Daniel+Cuevas%22";"%22Daniel+Cuevas%22";"769293";"Palma"
"OAKA";"http://twitter.com/search?q=OAKA";"OAKA";"769293";"Palma"
"Courtois";"http://twitter.com/search?q=Courtois";"Courtois";"769293";"Palma"
"Skywalker";"http://twitter.com/search?q=Skywalker";"Skywalker";"769293";"Palma"
"kaunas";"http://twitter.com/search?q=kaunas";"kaunas";"769293";"Palma"
"El Requexón";"http://twitter.com/search?q=%22El+Requex%C3%B3n%22";"%22El+Requex%C3%B3n%22";"769293";"Palma"
"Tejado";"http://twitter.com/search?q=Tejado";"Tejado";"769293";"Palma"
"De Blasis";"http://twitter.com/search?q=%22De+Blasis%22";"%22De+Blasis%22";"769293";"Palma"
"Índico";"http://twitter.com/search?q=%C3%8Dndico";"%C3%8Dndico";"769293";"Palma"
"María José Carrasco";"http://twitter.com/search?q=%22Mar%C3%ADa+Jos%C3%A9+Carrasco%22";"%22Mar%C3%ADa+Jos%C3%A9+Carrasco%22";"769293";"Palma"
"stéphanie frappart";"http://twitter.com/search?q=%22st%C3%A9phanie+frappart%22";"%22st%C3%A9phanie+frappart%22";"769293";"Palma"
"Alberto Casillas";"http://twitter.com/search?q=%22Alberto+Casillas%22";"%22Alberto+Casillas%22";"769293";"Palma"
"Lexus";"http://twitter.com/search?q=Lexus";"Lexus";"769293";"Palma"
"Pedro León";"http://twitter.com/search?q=%22Pedro+Le%C3%B3n%22";"%22Pedro+Le%C3%B3n%22";"769293";"Palma"
"Galván";"http://twitter.com/search?q=Galv%C3%A1n";"Galv%C3%A1n";"769293";"Palma"
"Abegondo";"http://twitter.com/search?q=Abegondo";"Abegondo";"769293";"Palma"
"Merve";"http://twitter.com/search?q=Merve";"Merve";"769293";"Palma"
"El Huesca";"http://twitter.com/search?q=%22El+Huesca%22";"%22El+Huesca%22";"769293";"Palma"
"Gemini Man";"http://twitter.com/search?q=%22Gemini+Man%22";"%22Gemini+Man%22";"769293";"Palma"
"Ang Lee";"http://twitter.com/search?q=%22Ang+Lee%22";"%22Ang+Lee%22";"769293";"Palma"
"Baltasar Pujales";"http://twitter.com/search?q=%22Baltasar+Pujales%22";"%22Baltasar+Pujales%22";"769293";"Palma"
"Square Enix";"http://twitter.com/search?q=%22Square+Enix%22";"%22Square+Enix%22";"769293";"Palma"
"#tartarmen";"http://twitter.com/search?q=%23tartarmen";"%23tartarmen";"769293";"Palma"
"#PorTuCaraDeMartes";"http://twitter.com/search?q=%23PorTuCaraDeMartes";"%23PorTuCaraDeMartes";"769293";"Palma"
"#EmpiezaLoBueno";"http://twitter.com/search?q=%23EmpiezaLoBueno";"%23EmpiezaLoBueno";"769293";"Palma"
"#LosInfiltradosDeGol";"http://twitter.com/search?q=%23LosInfiltradosDeGol";"%23LosInfiltradosDeGol";"769293";"Palma"
"#cuatroaldia45";"http://twitter.com/search?q=%23cuatroaldia45";"%23cuatroaldia45";"769293";"Palma"
"#QuiénEsLaOtra";"http://twitter.com/search?q=%23Qui%C3%A9nEsLaOtra";"%23Qui%C3%A9nEsLaOtra";"769293";"Palma"
"#CopaDeCampeones";"http://twitter.com/search?q=%23CopaDeCampeones";"%23CopaDeCampeones";"769293";"Palma"
"#pantovivientes";"http://twitter.com/search?q=%23pantovivientes";"%23pantovivientes";"769293";"Palma"
"#DevoraLibros";"http://twitter.com/search?q=%23DevoraLibros";"%23DevoraLibros";"769293";"Palma"
"#yoveosálvame";"http://twitter.com/search?q=%23yoveos%C3%A1lvame";"%23yoveos%C3%A1lvame";"769293";"Palma"
"#WorldBookDay";"http://twitter.com/search?q=%23WorldBookDay";"%23WorldBookDay";"769293";"Palma"
"#MVPMovistar";"http://twitter.com/search?q=%23MVPMovistar";"%23MVPMovistar";"769293";"Palma"
"#PelazoFructis";"http://twitter.com/search?q=%23PelazoFructis";"%23PelazoFructis";"769293";"Palma"
"#RelatoPanenka";"http://twitter.com/search?q=%23RelatoPanenka";"%23RelatoPanenka";"769293";"Palma"
"#ElRegaloDeLeer";"http://twitter.com/search?q=%23ElRegaloDeLeer";"%23ElRegaloDeLeer";"769293";"Palma"
"#DebateA3Media";"http://twitter.com/search?q=%23DebateA3Media";"%23DebateA3Media";"769293";"Palma"
"#TodoEsMentira74";"http://twitter.com/search?q=%23TodoEsMentira74";"%23TodoEsMentira74";"769293";"Palma"
"#R6SpainNationals";"http://twitter.com/search?q=%23R6SpainNationals";"%23R6SpainNationals";"769293";"Palma"
"#AtletiValencia";"http://twitter.com/search?q=%23AtletiValencia";"%23AtletiValencia";"769293";"Palma"
"#bbmastopsociai";"http://twitter.com/search?q=%23bbmastopsociai";"%23bbmastopsociai";"769293";"Palma"
"#BandodelaHuerta2019";"http://twitter.com/search?q=%23BandodelaHuerta2019";"%23BandodelaHuerta2019";"768026";"Murcia"
"Bando de la Huerta";"http://twitter.com/search?q=%22Bando+de+la+Huerta%22";"%22Bando+de+la+Huerta%22";"768026";"Murcia"
"#DiaDelLibro";"http://twitter.com/search?q=%23DiaDelLibro";"%23DiaDelLibro";"768026";"Murcia"
"#ELDEBATEenRTVE";"http://twitter.com/search?q=%23ELDEBATEenRTVE";"%23ELDEBATEenRTVE";"768026";"Murcia"
"Rivera";"http://twitter.com/search?q=Rivera";"Rivera";"768026";"Murcia"
"Pablo Iglesias";"http://twitter.com/search?q=%22Pablo+Iglesias%22";"%22Pablo+Iglesias%22";"768026";"Murcia"
"#FiestasDePrimavera";"http://twitter.com/search?q=%23FiestasDePrimavera";"%23FiestasDePrimavera";"768026";"Murcia"
"#DebateAtresmedia";"http://twitter.com/search?q=%23DebateAtresmedia";"%23DebateAtresmedia";"768026";"Murcia"
"Willy Toledo";"http://twitter.com/search?q=%22Willy+Toledo%22";"%22Willy+Toledo%22";"768026";"Murcia"
"Zalgiris";"http://twitter.com/search?q=Zalgiris";"Zalgiris";"768026";"Murcia"
"El Alcoraz";"http://twitter.com/search?q=%22El+Alcoraz%22";"%22El+Alcoraz%22";"768026";"Murcia"
"Daniel Cuevas";"http://twitter.com/search?q=%22Daniel+Cuevas%22";"%22Daniel+Cuevas%22";"768026";"Murcia"
"OAKA";"http://twitter.com/search?q=OAKA";"OAKA";"768026";"Murcia"
"Courtois";"http://twitter.com/search?q=Courtois";"Courtois";"768026";"Murcia"
"Índico";"http://twitter.com/search?q=%C3%8Dndico";"%C3%8Dndico";"768026";"Murcia"
"Skywalker";"http://twitter.com/search?q=Skywalker";"Skywalker";"768026";"Murcia"
"kaunas";"http://twitter.com/search?q=kaunas";"kaunas";"768026";"Murcia"
"El Requexón";"http://twitter.com/search?q=%22El+Requex%C3%B3n%22";"%22El+Requex%C3%B3n%22";"768026";"Murcia"
"Tejado";"http://twitter.com/search?q=Tejado";"Tejado";"768026";"Murcia"
"López Chaves";"http://twitter.com/search?q=%22L%C3%B3pez+Chaves%22";"%22L%C3%B3pez+Chaves%22";"768026";"Murcia"
"De Blasis";"http://twitter.com/search?q=%22De+Blasis%22";"%22De+Blasis%22";"768026";"Murcia"
"Alberto Casillas";"http://twitter.com/search?q=%22Alberto+Casillas%22";"%22Alberto+Casillas%22";"768026";"Murcia"
"María José Carrasco";"http://twitter.com/search?q=%22Mar%C3%ADa+Jos%C3%A9+Carrasco%22";"%22Mar%C3%ADa+Jos%C3%A9+Carrasco%22";"768026";"Murcia"
"stéphanie frappart";"http://twitter.com/search?q=%22st%C3%A9phanie+frappart%22";"%22st%C3%A9phanie+frappart%22";"768026";"Murcia"
"Lexus";"http://twitter.com/search?q=Lexus";"Lexus";"768026";"Murcia"
"Pedro León";"http://twitter.com/search?q=%22Pedro+Le%C3%B3n%22";"%22Pedro+Le%C3%B3n%22";"768026";"Murcia"
"Galván";"http://twitter.com/search?q=Galv%C3%A1n";"Galv%C3%A1n";"768026";"Murcia"
"Abegondo";"http://twitter.com/search?q=Abegondo";"Abegondo";"768026";"Murcia"
"Merve";"http://twitter.com/search?q=Merve";"Merve";"768026";"Murcia"
"#HazQueNoPase";"http://twitter.com/search?q=%23HazQueNoPase";"%23HazQueNoPase";"768026";"Murcia"
"#ElDebateDecisivo";"http://twitter.com/search?q=%23ElDebateDecisivo";"%23ElDebateDecisivo";"768026";"Murcia"
"#DebateDecisivoARV";"http://twitter.com/search?q=%23DebateDecisivoARV";"%23DebateDecisivoARV";"768026";"Murcia"
"#HuescaEibar";"http://twitter.com/search?q=%23HuescaEibar";"%23HuescaEibar";"768026";"Murcia"
"#tartarmen";"http://twitter.com/search?q=%23tartarmen";"%23tartarmen";"768026";"Murcia"
"#PorTuCaraDeMartes";"http://twitter.com/search?q=%23PorTuCaraDeMartes";"%23PorTuCaraDeMartes";"768026";"Murcia"
"#EmpiezaLoBueno";"http://twitter.com/search?q=%23EmpiezaLoBueno";"%23EmpiezaLoBueno";"768026";"Murcia"
"#TraiciónDeEmreDivinity";"http://twitter.com/search?q=%23Traici%C3%B3nDeEmreDivinity";"%23Traici%C3%B3nDeEmreDivinity";"768026";"Murcia"
"#LosInfiltradosDeGol";"http://twitter.com/search?q=%23LosInfiltradosDeGol";"%23LosInfiltradosDeGol";"768026";"Murcia"
"#cuatroaldia45";"http://twitter.com/search?q=%23cuatroaldia45";"%23cuatroaldia45";"768026";"Murcia"
"#QuiénEsLaOtra";"http://twitter.com/search?q=%23Qui%C3%A9nEsLaOtra";"%23Qui%C3%A9nEsLaOtra";"768026";"Murcia"
"#CopaDeCampeones";"http://twitter.com/search?q=%23CopaDeCampeones";"%23CopaDeCampeones";"768026";"Murcia"
"#pantovivientes";"http://twitter.com/search?q=%23pantovivientes";"%23pantovivientes";"768026";"Murcia"
"#DevoraLibros";"http://twitter.com/search?q=%23DevoraLibros";"%23DevoraLibros";"768026";"Murcia"
"#yoveosálvame";"http://twitter.com/search?q=%23yoveos%C3%A1lvame";"%23yoveos%C3%A1lvame";"768026";"Murcia"
"#MVPMovistar";"http://twitter.com/search?q=%23MVPMovistar";"%23MVPMovistar";"768026";"Murcia"
"#PelazoFructis";"http://twitter.com/search?q=%23PelazoFructis";"%23PelazoFructis";"768026";"Murcia"
"#RelatoPanenka";"http://twitter.com/search?q=%23RelatoPanenka";"%23RelatoPanenka";"768026";"Murcia"
"#ElRegaloDeLeer";"http://twitter.com/search?q=%23ElRegaloDeLeer";"%23ElRegaloDeLeer";"768026";"Murcia"
"#DebateA3Media";"http://twitter.com/search?q=%23DebateA3Media";"%23DebateA3Media";"768026";"Murcia"
"#TodoEsMentira74";"http://twitter.com/search?q=%23TodoEsMentira74";"%23TodoEsMentira74";"768026";"Murcia"
"#DebateAtresmedia";"http://twitter.com/search?q=%23DebateAtresmedia";"%23DebateAtresmedia";"766356";"Málaga"
"#HazQueNoPase";"http://twitter.com/search?q=%23HazQueNoPase";"%23HazQueNoPase";"766356";"Málaga"
"Willy Toledo";"http://twitter.com/search?q=%22Willy+Toledo%22";"%22Willy+Toledo%22";"766356";"Málaga"
"#ElDebateDecisivo";"http://twitter.com/search?q=%23ElDebateDecisivo";"%23ElDebateDecisivo";"766356";"Málaga"
"#DebateDecisivoARV";"http://twitter.com/search?q=%23DebateDecisivoARV";"%23DebateDecisivoARV";"766356";"Málaga"
"#HuescaEibar";"http://twitter.com/search?q=%23HuescaEibar";"%23HuescaEibar";"766356";"Málaga"
"Zalgiris";"http://twitter.com/search?q=Zalgiris";"Zalgiris";"766356";"Málaga"
"El Alcoraz";"http://twitter.com/search?q=%22El+Alcoraz%22";"%22El+Alcoraz%22";"766356";"Málaga"
"Daniel Cuevas";"http://twitter.com/search?q=%22Daniel+Cuevas%22";"%22Daniel+Cuevas%22";"766356";"Málaga"
"OAKA";"http://twitter.com/search?q=OAKA";"OAKA";"766356";"Málaga"
"Courtois";"http://twitter.com/search?q=Courtois";"Courtois";"766356";"Málaga"
"Índico";"http://twitter.com/search?q=%C3%8Dndico";"%C3%8Dndico";"766356";"Málaga"
"Skywalker";"http://twitter.com/search?q=Skywalker";"Skywalker";"766356";"Málaga"
"kaunas";"http://twitter.com/search?q=kaunas";"kaunas";"766356";"Málaga"
"El Requexón";"http://twitter.com/search?q=%22El+Requex%C3%B3n%22";"%22El+Requex%C3%B3n%22";"766356";"Málaga"
"Tejado";"http://twitter.com/search?q=Tejado";"Tejado";"766356";"Málaga"
"López Chaves";"http://twitter.com/search?q=%22L%C3%B3pez+Chaves%22";"%22L%C3%B3pez+Chaves%22";"766356";"Málaga"
"De Blasis";"http://twitter.com/search?q=%22De+Blasis%22";"%22De+Blasis%22";"766356";"Málaga"
"Alberto Casillas";"http://twitter.com/search?q=%22Alberto+Casillas%22";"%22Alberto+Casillas%22";"766356";"Málaga"
"María José Carrasco";"http://twitter.com/search?q=%22Mar%C3%ADa+Jos%C3%A9+Carrasco%22";"%22Mar%C3%ADa+Jos%C3%A9+Carrasco%22";"766356";"Málaga"
"David Galván";"http://twitter.com/search?q=%22David+Galv%C3%A1n%22";"%22David+Galv%C3%A1n%22";"766356";"Málaga"
"stéphanie frappart";"http://twitter.com/search?q=%22st%C3%A9phanie+frappart%22";"%22st%C3%A9phanie+frappart%22";"766356";"Málaga"
"Lexus";"http://twitter.com/search?q=Lexus";"Lexus";"766356";"Málaga"
"Pedro León";"http://twitter.com/search?q=%22Pedro+Le%C3%B3n%22";"%22Pedro+Le%C3%B3n%22";"766356";"Málaga"
"Abegondo";"http://twitter.com/search?q=Abegondo";"Abegondo";"766356";"Málaga"
"Merve";"http://twitter.com/search?q=Merve";"Merve";"766356";"Málaga"
"El Huesca";"http://twitter.com/search?q=%22El+Huesca%22";"%22El+Huesca%22";"766356";"Málaga"
"Gemini Man";"http://twitter.com/search?q=%22Gemini+Man%22";"%22Gemini+Man%22";"766356";"Málaga"
"Ang Lee";"http://twitter.com/search?q=%22Ang+Lee%22";"%22Ang+Lee%22";"766356";"Málaga"
"#tartarmen";"http://twitter.com/search?q=%23tartarmen";"%23tartarmen";"766356";"Málaga"
"#PorTuCaraDeMartes";"http://twitter.com/search?q=%23PorTuCaraDeMartes";"%23PorTuCaraDeMartes";"766356";"Málaga"
"#EmpiezaLoBueno";"http://twitter.com/search?q=%23EmpiezaLoBueno";"%23EmpiezaLoBueno";"766356";"Málaga"
"#TraiciónDeEmreDivinity";"http://twitter.com/search?q=%23Traici%C3%B3nDeEmreDivinity";"%23Traici%C3%B3nDeEmreDivinity";"766356";"Málaga"
"#LosInfiltradosDeGol";"http://twitter.com/search?q=%23LosInfiltradosDeGol";"%23LosInfiltradosDeGol";"766356";"Málaga"
"#cuatroaldia45";"http://twitter.com/search?q=%23cuatroaldia45";"%23cuatroaldia45";"766356";"Málaga"
"#QuiénEsLaOtra";"http://twitter.com/search?q=%23Qui%C3%A9nEsLaOtra";"%23Qui%C3%A9nEsLaOtra";"766356";"Málaga"
"#CopaDeCampeones";"http://twitter.com/search?q=%23CopaDeCampeones";"%23CopaDeCampeones";"766356";"Málaga"
"#pantovivientes";"http://twitter.com/search?q=%23pantovivientes";"%23pantovivientes";"766356";"Málaga"
"#DevoraLibros";"http://twitter.com/search?q=%23DevoraLibros";"%23DevoraLibros";"766356";"Málaga"
"#yoveosálvame";"http://twitter.com/search?q=%23yoveos%C3%A1lvame";"%23yoveos%C3%A1lvame";"766356";"Málaga"
"#MVPMovistar";"http://twitter.com/search?q=%23MVPMovistar";"%23MVPMovistar";"766356";"Málaga"
"#PelazoFructis";"http://twitter.com/search?q=%23PelazoFructis";"%23PelazoFructis";"766356";"Málaga"
"#RelatoPanenka";"http://twitter.com/search?q=%23RelatoPanenka";"%23RelatoPanenka";"766356";"Málaga"
"#R6SpainNationals";"http://twitter.com/search?q=%23R6SpainNationals";"%23R6SpainNationals";"766356";"Málaga"
"#ElRegaloDeLeer";"http://twitter.com/search?q=%23ElRegaloDeLeer";"%23ElRegaloDeLeer";"766356";"Málaga"
"#DebateA3Media";"http://twitter.com/search?q=%23DebateA3Media";"%23DebateA3Media";"766356";"Málaga"
"#TodoEsMentira74";"http://twitter.com/search?q=%23TodoEsMentira74";"%23TodoEsMentira74";"766356";"Málaga"
"#AlavésBarça";"http://twitter.com/search?q=%23Alav%C3%A9sBar%C3%A7a";"%23Alav%C3%A9sBar%C3%A7a";"766356";"Málaga"
"#AtletiValencia";"http://twitter.com/search?q=%23AtletiValencia";"%23AtletiValencia";"766356";"Málaga"
"#BBMAsTopSociaI";"http://twitter.com/search?q=%23BBMAsTopSociaI";"%23BBMAsTopSociaI";"766356";"Málaga"
"#DebateAtresmedia";"http://twitter.com/search?q=%23DebateAtresmedia";"%23DebateAtresmedia";"779063";"Zaragoza"
"#HazQueNoPase";"http://twitter.com/search?q=%23HazQueNoPase";"%23HazQueNoPase";"779063";"Zaragoza"
"Willy Toledo";"http://twitter.com/search?q=%22Willy+Toledo%22";"%22Willy+Toledo%22";"779063";"Zaragoza"
"#ElDebateDecisivo";"http://twitter.com/search?q=%23ElDebateDecisivo";"%23ElDebateDecisivo";"779063";"Zaragoza"
"#DebateDecisivoARV";"http://twitter.com/search?q=%23DebateDecisivoARV";"%23DebateDecisivoARV";"779063";"Zaragoza"
"#HuescaEibar";"http://twitter.com/search?q=%23HuescaEibar";"%23HuescaEibar";"779063";"Zaragoza"
"Zalgiris";"http://twitter.com/search?q=Zalgiris";"Zalgiris";"779063";"Zaragoza"
"El Alcoraz";"http://twitter.com/search?q=%22El+Alcoraz%22";"%22El+Alcoraz%22";"779063";"Zaragoza"
"Daniel Cuevas";"http://twitter.com/search?q=%22Daniel+Cuevas%22";"%22Daniel+Cuevas%22";"779063";"Zaragoza"
"OAKA";"http://twitter.com/search?q=OAKA";"OAKA";"779063";"Zaragoza"
"Courtois";"http://twitter.com/search?q=Courtois";"Courtois";"779063";"Zaragoza"
"Índico";"http://twitter.com/search?q=%C3%8Dndico";"%C3%8Dndico";"779063";"Zaragoza"
"Skywalker";"http://twitter.com/search?q=Skywalker";"Skywalker";"779063";"Zaragoza"
"kaunas";"http://twitter.com/search?q=kaunas";"kaunas";"779063";"Zaragoza"
"El Requexón";"http://twitter.com/search?q=%22El+Requex%C3%B3n%22";"%22El+Requex%C3%B3n%22";"779063";"Zaragoza"
"Tejado";"http://twitter.com/search?q=Tejado";"Tejado";"779063";"Zaragoza"
"López Chaves";"http://twitter.com/search?q=%22L%C3%B3pez+Chaves%22";"%22L%C3%B3pez+Chaves%22";"779063";"Zaragoza"
"De Blasis";"http://twitter.com/search?q=%22De+Blasis%22";"%22De+Blasis%22";"779063";"Zaragoza"
"Alberto Casillas";"http://twitter.com/search?q=%22Alberto+Casillas%22";"%22Alberto+Casillas%22";"779063";"Zaragoza"
"María José Carrasco";"http://twitter.com/search?q=%22Mar%C3%ADa+Jos%C3%A9+Carrasco%22";"%22Mar%C3%ADa+Jos%C3%A9+Carrasco%22";"779063";"Zaragoza"
"David Galván";"http://twitter.com/search?q=%22David+Galv%C3%A1n%22";"%22David+Galv%C3%A1n%22";"779063";"Zaragoza"
"stéphanie frappart";"http://twitter.com/search?q=%22st%C3%A9phanie+frappart%22";"%22st%C3%A9phanie+frappart%22";"779063";"Zaragoza"
"Lexus";"http://twitter.com/search?q=Lexus";"Lexus";"779063";"Zaragoza"
"Pedro León";"http://twitter.com/search?q=%22Pedro+Le%C3%B3n%22";"%22Pedro+Le%C3%B3n%22";"779063";"Zaragoza"
"Abegondo";"http://twitter.com/search?q=Abegondo";"Abegondo";"779063";"Zaragoza"
"Merve";"http://twitter.com/search?q=Merve";"Merve";"779063";"Zaragoza"
"El Huesca";"http://twitter.com/search?q=%22El+Huesca%22";"%22El+Huesca%22";"779063";"Zaragoza"
"Gemini Man";"http://twitter.com/search?q=%22Gemini+Man%22";"%22Gemini+Man%22";"779063";"Zaragoza"
"Ang Lee";"http://twitter.com/search?q=%22Ang+Lee%22";"%22Ang+Lee%22";"779063";"Zaragoza"
"#tartarmen";"http://twitter.com/search?q=%23tartarmen";"%23tartarmen";"779063";"Zaragoza"
"#PorTuCaraDeMartes";"http://twitter.com/search?q=%23PorTuCaraDeMartes";"%23PorTuCaraDeMartes";"779063";"Zaragoza"
"#EmpiezaLoBueno";"http://twitter.com/search?q=%23EmpiezaLoBueno";"%23EmpiezaLoBueno";"779063";"Zaragoza"
"#TraiciónDeEmreDivinity";"http://twitter.com/search?q=%23Traici%C3%B3nDeEmreDivinity";"%23Traici%C3%B3nDeEmreDivinity";"779063";"Zaragoza"
"#LosInfiltradosDeGol";"http://twitter.com/search?q=%23LosInfiltradosDeGol";"%23LosInfiltradosDeGol";"779063";"Zaragoza"
"#cuatroaldia45";"http://twitter.com/search?q=%23cuatroaldia45";"%23cuatroaldia45";"779063";"Zaragoza"
"#QuiénEsLaOtra";"http://twitter.com/search?q=%23Qui%C3%A9nEsLaOtra";"%23Qui%C3%A9nEsLaOtra";"779063";"Zaragoza"
"#CopaDeCampeones";"http://twitter.com/search?q=%23CopaDeCampeones";"%23CopaDeCampeones";"779063";"Zaragoza"
"#pantovivientes";"http://twitter.com/search?q=%23pantovivientes";"%23pantovivientes";"779063";"Zaragoza"
"#DevoraLibros";"http://twitter.com/search?q=%23DevoraLibros";"%23DevoraLibros";"779063";"Zaragoza"
"#yoveosálvame";"http://twitter.com/search?q=%23yoveos%C3%A1lvame";"%23yoveos%C3%A1lvame";"779063";"Zaragoza"
"#MVPMovistar";"http://twitter.com/search?q=%23MVPMovistar";"%23MVPMovistar";"779063";"Zaragoza"
"#PelazoFructis";"http://twitter.com/search?q=%23PelazoFructis";"%23PelazoFructis";"779063";"Zaragoza"
"#RelatoPanenka";"http://twitter.com/search?q=%23RelatoPanenka";"%23RelatoPanenka";"779063";"Zaragoza"
"#R6SpainNationals";"http://twitter.com/search?q=%23R6SpainNationals";"%23R6SpainNationals";"779063";"Zaragoza"
"#ElRegaloDeLeer";"http://twitter.com/search?q=%23ElRegaloDeLeer";"%23ElRegaloDeLeer";"779063";"Zaragoza"
"#DebateA3Media";"http://twitter.com/search?q=%23DebateA3Media";"%23DebateA3Media";"779063";"Zaragoza"
"#TodoEsMentira74";"http://twitter.com/search?q=%23TodoEsMentira74";"%23TodoEsMentira74";"779063";"Zaragoza"
"#AlavésBarça";"http://twitter.com/search?q=%23Alav%C3%A9sBar%C3%A7a";"%23Alav%C3%A9sBar%C3%A7a";"779063";"Zaragoza"
"#AtletiValencia";"http://twitter.com/search?q=%23AtletiValencia";"%23AtletiValencia";"779063";"Zaragoza"
"#BBMAsTopSociaI";"http://twitter.com/search?q=%23BBMAsTopSociaI";"%23BBMAsTopSociaI";"779063";"Zaragoza"
"#DebateDecisivoARV";"http://twitter.com/search?q=%23DebateDecisivoARV";"%23DebateDecisivoARV";"774508";"Sevilla"
"#ELDEBATEenRTVE";"http://twitter.com/search?q=%23ELDEBATEenRTVE";"%23ELDEBATEenRTVE";"774508";"Sevilla"
"#DiaDelLibro";"http://twitter.com/search?q=%23DiaDelLibro";"%23DiaDelLibro";"774508";"Sevilla"
"Rivera";"http://twitter.com/search?q=Rivera";"Rivera";"774508";"Sevilla"
"#DebateRTVE";"http://twitter.com/search?q=%23DebateRTVE";"%23DebateRTVE";"774508";"Sevilla"
"#FelizMartes";"http://twitter.com/search?q=%23FelizMartes";"%23FelizMartes";"774508";"Sevilla"
"Pablo Iglesias";"http://twitter.com/search?q=%22Pablo+Iglesias%22";"%22Pablo+Iglesias%22";"774508";"Sevilla"
"Willy Toledo";"http://twitter.com/search?q=%22Willy+Toledo%22";"%22Willy+Toledo%22";"774508";"Sevilla"
"Zalgiris";"http://twitter.com/search?q=Zalgiris";"Zalgiris";"774508";"Sevilla"
"El Alcoraz";"http://twitter.com/search?q=%22El+Alcoraz%22";"%22El+Alcoraz%22";"774508";"Sevilla"
"Daniel Cuevas";"http://twitter.com/search?q=%22Daniel+Cuevas%22";"%22Daniel+Cuevas%22";"774508";"Sevilla"
"OAKA";"http://twitter.com/search?q=OAKA";"OAKA";"774508";"Sevilla"
"Courtois";"http://twitter.com/search?q=Courtois";"Courtois";"774508";"Sevilla"
"Índico";"http://twitter.com/search?q=%C3%8Dndico";"%C3%8Dndico";"774508";"Sevilla"
"Skywalker";"http://twitter.com/search?q=Skywalker";"Skywalker";"774508";"Sevilla"
"kaunas";"http://twitter.com/search?q=kaunas";"kaunas";"774508";"Sevilla"
"El Requexón";"http://twitter.com/search?q=%22El+Requex%C3%B3n%22";"%22El+Requex%C3%B3n%22";"774508";"Sevilla"
"Tejado";"http://twitter.com/search?q=Tejado";"Tejado";"774508";"Sevilla"
"López Chaves";"http://twitter.com/search?q=%22L%C3%B3pez+Chaves%22";"%22L%C3%B3pez+Chaves%22";"774508";"Sevilla"
"De Blasis";"http://twitter.com/search?q=%22De+Blasis%22";"%22De+Blasis%22";"774508";"Sevilla"
"Alberto Casillas";"http://twitter.com/search?q=%22Alberto+Casillas%22";"%22Alberto+Casillas%22";"774508";"Sevilla"
"María José Carrasco";"http://twitter.com/search?q=%22Mar%C3%ADa+Jos%C3%A9+Carrasco%22";"%22Mar%C3%ADa+Jos%C3%A9+Carrasco%22";"774508";"Sevilla"
"David Galván";"http://twitter.com/search?q=%22David+Galv%C3%A1n%22";"%22David+Galv%C3%A1n%22";"774508";"Sevilla"
"stéphanie frappart";"http://twitter.com/search?q=%22st%C3%A9phanie+frappart%22";"%22st%C3%A9phanie+frappart%22";"774508";"Sevilla"
"Lexus";"http://twitter.com/search?q=Lexus";"Lexus";"774508";"Sevilla"
"Pedro León";"http://twitter.com/search?q=%22Pedro+Le%C3%B3n%22";"%22Pedro+Le%C3%B3n%22";"774508";"Sevilla"
"Abegondo";"http://twitter.com/search?q=Abegondo";"Abegondo";"774508";"Sevilla"
"Merve";"http://twitter.com/search?q=Merve";"Merve";"774508";"Sevilla"
"#DebateAtresmedia";"http://twitter.com/search?q=%23DebateAtresmedia";"%23DebateAtresmedia";"774508";"Sevilla"
"#HazQueNoPase";"http://twitter.com/search?q=%23HazQueNoPase";"%23HazQueNoPase";"774508";"Sevilla"
"#ElDebateDecisivo";"http://twitter.com/search?q=%23ElDebateDecisivo";"%23ElDebateDecisivo";"774508";"Sevilla"
"#HuescaEibar";"http://twitter.com/search?q=%23HuescaEibar";"%23HuescaEibar";"774508";"Sevilla"
"#tartarmen";"http://twitter.com/search?q=%23tartarmen";"%23tartarmen";"774508";"Sevilla"
"#PorTuCaraDeMartes";"http://twitter.com/search?q=%23PorTuCaraDeMartes";"%23PorTuCaraDeMartes";"774508";"Sevilla"
"#EmpiezaLoBueno";"http://twitter.com/search?q=%23EmpiezaLoBueno";"%23EmpiezaLoBueno";"774508";"Sevilla"
"#TraiciónDeEmreDivinity";"http://twitter.com/search?q=%23Traici%C3%B3nDeEmreDivinity";"%23Traici%C3%B3nDeEmreDivinity";"774508";"Sevilla"
"#LosInfiltradosDeGol";"http://twitter.com/search?q=%23LosInfiltradosDeGol";"%23LosInfiltradosDeGol";"774508";"Sevilla"
"#cuatroaldia45";"http://twitter.com/search?q=%23cuatroaldia45";"%23cuatroaldia45";"774508";"Sevilla"
"#QuiénEsLaOtra";"http://twitter.com/search?q=%23Qui%C3%A9nEsLaOtra";"%23Qui%C3%A9nEsLaOtra";"774508";"Sevilla"
"#CopaDeCampeones";"http://twitter.com/search?q=%23CopaDeCampeones";"%23CopaDeCampeones";"774508";"Sevilla"
"#pantovivientes";"http://twitter.com/search?q=%23pantovivientes";"%23pantovivientes";"774508";"Sevilla"
"#DevoraLibros";"http://twitter.com/search?q=%23DevoraLibros";"%23DevoraLibros";"774508";"Sevilla"
"#yoveosálvame";"http://twitter.com/search?q=%23yoveos%C3%A1lvame";"%23yoveos%C3%A1lvame";"774508";"Sevilla"
"#MVPMovistar";"http://twitter.com/search?q=%23MVPMovistar";"%23MVPMovistar";"774508";"Sevilla"
"#PelazoFructis";"http://twitter.com/search?q=%23PelazoFructis";"%23PelazoFructis";"774508";"Sevilla"
"#RelatoPanenka";"http://twitter.com/search?q=%23RelatoPanenka";"%23RelatoPanenka";"774508";"Sevilla"
"#R6SpainNationals";"http://twitter.com/search?q=%23R6SpainNationals";"%23R6SpainNationals";"774508";"Sevilla"
"#ElRegaloDeLeer";"http://twitter.com/search?q=%23ElRegaloDeLeer";"%23ElRegaloDeLeer";"774508";"Sevilla"
"#DebateA3Media";"http://twitter.com/search?q=%23DebateA3Media";"%23DebateA3Media";"774508";"Sevilla"
"#TodoEsMentira74";"http://twitter.com/search?q=%23TodoEsMentira74";"%23TodoEsMentira74";"774508";"Sevilla"
"#DebateAtresmedia";"http://twitter.com/search?q=%23DebateAtresmedia";"%23DebateAtresmedia";"776688";"València"
"#HazQueNoPase";"http://twitter.com/search?q=%23HazQueNoPase";"%23HazQueNoPase";"776688";"València"
"Willy Toledo";"http://twitter.com/search?q=%22Willy+Toledo%22";"%22Willy+Toledo%22";"776688";"València"
"#ElDebateDecisivo";"http://twitter.com/search?q=%23ElDebateDecisivo";"%23ElDebateDecisivo";"776688";"València"
"#DebateDecisivoARV";"http://twitter.com/search?q=%23DebateDecisivoARV";"%23DebateDecisivoARV";"776688";"València"
"#HuescaEibar";"http://twitter.com/search?q=%23HuescaEibar";"%23HuescaEibar";"776688";"València"
"Zalgiris";"http://twitter.com/search?q=Zalgiris";"Zalgiris";"776688";"València"
"El Alcoraz";"http://twitter.com/search?q=%22El+Alcoraz%22";"%22El+Alcoraz%22";"776688";"València"
"Daniel Cuevas";"http://twitter.com/search?q=%22Daniel+Cuevas%22";"%22Daniel+Cuevas%22";"776688";"València"
"OAKA";"http://twitter.com/search?q=OAKA";"OAKA";"776688";"València"
"Courtois";"http://twitter.com/search?q=Courtois";"Courtois";"776688";"València"
"Índico";"http://twitter.com/search?q=%C3%8Dndico";"%C3%8Dndico";"776688";"València"
"Skywalker";"http://twitter.com/search?q=Skywalker";"Skywalker";"776688";"València"
"kaunas";"http://twitter.com/search?q=kaunas";"kaunas";"776688";"València"
"El Requexón";"http://twitter.com/search?q=%22El+Requex%C3%B3n%22";"%22El+Requex%C3%B3n%22";"776688";"València"
"Tejado";"http://twitter.com/search?q=Tejado";"Tejado";"776688";"València"
"López Chaves";"http://twitter.com/search?q=%22L%C3%B3pez+Chaves%22";"%22L%C3%B3pez+Chaves%22";"776688";"València"
"De Blasis";"http://twitter.com/search?q=%22De+Blasis%22";"%22De+Blasis%22";"776688";"València"
"Alberto Casillas";"http://twitter.com/search?q=%22Alberto+Casillas%22";"%22Alberto+Casillas%22";"776688";"València"
"María José Carrasco";"http://twitter.com/search?q=%22Mar%C3%ADa+Jos%C3%A9+Carrasco%22";"%22Mar%C3%ADa+Jos%C3%A9+Carrasco%22";"776688";"València"
"David Galván";"http://twitter.com/search?q=%22David+Galv%C3%A1n%22";"%22David+Galv%C3%A1n%22";"776688";"València"
"stéphanie frappart";"http://twitter.com/search?q=%22st%C3%A9phanie+frappart%22";"%22st%C3%A9phanie+frappart%22";"776688";"València"
"Lexus";"http://twitter.com/search?q=Lexus";"Lexus";"776688";"València"
"Pedro León";"http://twitter.com/search?q=%22Pedro+Le%C3%B3n%22";"%22Pedro+Le%C3%B3n%22";"776688";"València"
"Abegondo";"http://twitter.com/search?q=Abegondo";"Abegondo";"776688";"València"
"Merve";"http://twitter.com/search?q=Merve";"Merve";"776688";"València"
"El Huesca";"http://twitter.com/search?q=%22El+Huesca%22";"%22El+Huesca%22";"776688";"València"
"Gemini Man";"http://twitter.com/search?q=%22Gemini+Man%22";"%22Gemini+Man%22";"776688";"València"
"Ang Lee";"http://twitter.com/search?q=%22Ang+Lee%22";"%22Ang+Lee%22";"776688";"València"
"#tartarmen";"http://twitter.com/search?q=%23tartarmen";"%23tartarmen";"776688";"València"
"#PorTuCaraDeMartes";"http://twitter.com/search?q=%23PorTuCaraDeMartes";"%23PorTuCaraDeMartes";"776688";"València"
"#EmpiezaLoBueno";"http://twitter.com/search?q=%23EmpiezaLoBueno";"%23EmpiezaLoBueno";"776688";"València"
"#TraiciónDeEmreDivinity";"http://twitter.com/search?q=%23Traici%C3%B3nDeEmreDivinity";"%23Traici%C3%B3nDeEmreDivinity";"776688";"València"
"#LosInfiltradosDeGol";"http://twitter.com/search?q=%23LosInfiltradosDeGol";"%23LosInfiltradosDeGol";"776688";"València"
"#cuatroaldia45";"http://twitter.com/search?q=%23cuatroaldia45";"%23cuatroaldia45";"776688";"València"
"#QuiénEsLaOtra";"http://twitter.com/search?q=%23Qui%C3%A9nEsLaOtra";"%23Qui%C3%A9nEsLaOtra";"776688";"València"
"#CopaDeCampeones";"http://twitter.com/search?q=%23CopaDeCampeones";"%23CopaDeCampeones";"776688";"València"
"#pantovivientes";"http://twitter.com/search?q=%23pantovivientes";"%23pantovivientes";"776688";"València"
"#DevoraLibros";"http://twitter.com/search?q=%23DevoraLibros";"%23DevoraLibros";"776688";"València"
"#yoveosálvame";"http://twitter.com/search?q=%23yoveos%C3%A1lvame";"%23yoveos%C3%A1lvame";"776688";"València"
"#MVPMovistar";"http://twitter.com/search?q=%23MVPMovistar";"%23MVPMovistar";"776688";"València"
"#PelazoFructis";"http://twitter.com/search?q=%23PelazoFructis";"%23PelazoFructis";"776688";"València"
"#RelatoPanenka";"http://twitter.com/search?q=%23RelatoPanenka";"%23RelatoPanenka";"776688";"València"
"#R6SpainNationals";"http://twitter.com/search?q=%23R6SpainNationals";"%23R6SpainNationals";"776688";"València"
"#ElRegaloDeLeer";"http://twitter.com/search?q=%23ElRegaloDeLeer";"%23ElRegaloDeLeer";"776688";"València"
"#DebateA3Media";"http://twitter.com/search?q=%23DebateA3Media";"%23DebateA3Media";"776688";"València"
"#TodoEsMentira74";"http://twitter.com/search?q=%23TodoEsMentira74";"%23TodoEsMentira74";"776688";"València"
"#AlavésBarça";"http://twitter.com/search?q=%23Alav%C3%A9sBar%C3%A7a";"%23Alav%C3%A9sBar%C3%A7a";"776688";"València"
"#AtletiValencia";"http://twitter.com/search?q=%23AtletiValencia";"%23AtletiValencia";"776688";"València"
"#BBMAsTopSociaI";"http://twitter.com/search?q=%23BBMAsTopSociaI";"%23BBMAsTopSociaI";"776688";"València"
"#DebateAtresmedia";"http://twitter.com/search?q=%23DebateAtresmedia";"%23DebateAtresmedia";"753692";"Barcelona"
"#HazQueNoPase";"http://twitter.com/search?q=%23HazQueNoPase";"%23HazQueNoPase";"753692";"Barcelona"
"Willy Toledo";"http://twitter.com/search?q=%22Willy+Toledo%22";"%22Willy+Toledo%22";"753692";"Barcelona"
"#DebateDecisivoARV";"http://twitter.com/search?q=%23DebateDecisivoARV";"%23DebateDecisivoARV";"753692";"Barcelona"
"#HuescaEibar";"http://twitter.com/search?q=%23HuescaEibar";"%23HuescaEibar";"753692";"Barcelona"
"Zalgiris";"http://twitter.com/search?q=Zalgiris";"Zalgiris";"753692";"Barcelona"
"#TraiciónDeEmreDivinity";"http://twitter.com/search?q=%23Traici%C3%B3nDeEmreDivinity";"%23Traici%C3%B3nDeEmreDivinity";"753692";"Barcelona"
"El Alcoraz";"http://twitter.com/search?q=%22El+Alcoraz%22";"%22El+Alcoraz%22";"753692";"Barcelona"
"Daniel Cuevas";"http://twitter.com/search?q=%22Daniel+Cuevas%22";"%22Daniel+Cuevas%22";"753692";"Barcelona"
"OAKA";"http://twitter.com/search?q=OAKA";"OAKA";"753692";"Barcelona"
"Courtois";"http://twitter.com/search?q=Courtois";"Courtois";"753692";"Barcelona"
"Skywalker";"http://twitter.com/search?q=Skywalker";"Skywalker";"753692";"Barcelona"
"kaunas";"http://twitter.com/search?q=kaunas";"kaunas";"753692";"Barcelona"
"El Requexón";"http://twitter.com/search?q=%22El+Requex%C3%B3n%22";"%22El+Requex%C3%B3n%22";"753692";"Barcelona"
"Tejado";"http://twitter.com/search?q=Tejado";"Tejado";"753692";"Barcelona"
"De Blasis";"http://twitter.com/search?q=%22De+Blasis%22";"%22De+Blasis%22";"753692";"Barcelona"
"Índico";"http://twitter.com/search?q=%C3%8Dndico";"%C3%8Dndico";"753692";"Barcelona"
"María José Carrasco";"http://twitter.com/search?q=%22Mar%C3%ADa+Jos%C3%A9+Carrasco%22";"%22Mar%C3%ADa+Jos%C3%A9+Carrasco%22";"753692";"Barcelona"
"stéphanie frappart";"http://twitter.com/search?q=%22st%C3%A9phanie+frappart%22";"%22st%C3%A9phanie+frappart%22";"753692";"Barcelona"
"Alberto Casillas";"http://twitter.com/search?q=%22Alberto+Casillas%22";"%22Alberto+Casillas%22";"753692";"Barcelona"
"Pedro León";"http://twitter.com/search?q=%22Pedro+Le%C3%B3n%22";"%22Pedro+Le%C3%B3n%22";"753692";"Barcelona"
"Abegondo";"http://twitter.com/search?q=Abegondo";"Abegondo";"753692";"Barcelona"
"Democracia Nacional";"http://twitter.com/search?q=%22Democracia+Nacional%22";"%22Democracia+Nacional%22";"753692";"Barcelona"
"Merve";"http://twitter.com/search?q=Merve";"Merve";"753692";"Barcelona"
"El Huesca";"http://twitter.com/search?q=%22El+Huesca%22";"%22El+Huesca%22";"753692";"Barcelona"
"lexus";"http://twitter.com/search?q=lexus";"lexus";"753692";"Barcelona"
"Gemini Man";"http://twitter.com/search?q=%22Gemini+Man%22";"%22Gemini+Man%22";"753692";"Barcelona"
"Ang Lee";"http://twitter.com/search?q=%22Ang+Lee%22";"%22Ang+Lee%22";"753692";"Barcelona"
"Baltasar Pujales";"http://twitter.com/search?q=%22Baltasar+Pujales%22";"%22Baltasar+Pujales%22";"753692";"Barcelona"
"Square Enix";"http://twitter.com/search?q=%22Square+Enix%22";"%22Square+Enix%22";"753692";"Barcelona"
"#tartarmen";"http://twitter.com/search?q=%23tartarmen";"%23tartarmen";"753692";"Barcelona"
"#PorTuCaraDeMartes";"http://twitter.com/search?q=%23PorTuCaraDeMartes";"%23PorTuCaraDeMartes";"753692";"Barcelona"
"#EmpiezaLoBueno";"http://twitter.com/search?q=%23EmpiezaLoBueno";"%23EmpiezaLoBueno";"753692";"Barcelona"
"#LosInfiltradosDeGol";"http://twitter.com/search?q=%23LosInfiltradosDeGol";"%23LosInfiltradosDeGol";"753692";"Barcelona"
"#cuatroaldia45";"http://twitter.com/search?q=%23cuatroaldia45";"%23cuatroaldia45";"753692";"Barcelona"
"#QuiénEsLaOtra";"http://twitter.com/search?q=%23Qui%C3%A9nEsLaOtra";"%23Qui%C3%A9nEsLaOtra";"753692";"Barcelona"
"#CopaDeCampeones";"http://twitter.com/search?q=%23CopaDeCampeones";"%23CopaDeCampeones";"753692";"Barcelona"
"#pantovivientes";"http://twitter.com/search?q=%23pantovivientes";"%23pantovivientes";"753692";"Barcelona"
"#DevoraLibros";"http://twitter.com/search?q=%23DevoraLibros";"%23DevoraLibros";"753692";"Barcelona"
"#yoveosálvame";"http://twitter.com/search?q=%23yoveos%C3%A1lvame";"%23yoveos%C3%A1lvame";"753692";"Barcelona"
"#WorldBookDay";"http://twitter.com/search?q=%23WorldBookDay";"%23WorldBookDay";"753692";"Barcelona"
"#MVPMovistar";"http://twitter.com/search?q=%23MVPMovistar";"%23MVPMovistar";"753692";"Barcelona"
"#PelazoFructis";"http://twitter.com/search?q=%23PelazoFructis";"%23PelazoFructis";"753692";"Barcelona"
"#RelatoPanenka";"http://twitter.com/search?q=%23RelatoPanenka";"%23RelatoPanenka";"753692";"Barcelona"
"#ElRegaloDeLeer";"http://twitter.com/search?q=%23ElRegaloDeLeer";"%23ElRegaloDeLeer";"753692";"Barcelona"
"#DebateA3Media";"http://twitter.com/search?q=%23DebateA3Media";"%23DebateA3Media";"753692";"Barcelona"
"#TodoEsMentira74";"http://twitter.com/search?q=%23TodoEsMentira74";"%23TodoEsMentira74";"753692";"Barcelona"
"#R6SpainNationals";"http://twitter.com/search?q=%23R6SpainNationals";"%23R6SpainNationals";"753692";"Barcelona"
"#AtletiValencia";"http://twitter.com/search?q=%23AtletiValencia";"%23AtletiValencia";"753692";"Barcelona"
"#bbmastopsociai";"http://twitter.com/search?q=%23bbmastopsociai";"%23bbmastopsociai";"753692";"Barcelona"
"#ELDEBATEenRTVE";"http://twitter.com/search?q=%23ELDEBATEenRTVE";"%23ELDEBATEenRTVE";"766273";"Madrid"
"Rivera";"http://twitter.com/search?q=Rivera";"Rivera";"766273";"Madrid"
"#DebateRTVE";"http://twitter.com/search?q=%23DebateRTVE";"%23DebateRTVE";"766273";"Madrid"
"Casado";"http://twitter.com/search?q=Casado";"Casado";"766273";"Madrid"
"#DiaDelLibro";"http://twitter.com/search?q=%23DiaDelLibro";"%23DiaDelLibro";"766273";"Madrid"
"Pablo Iglesias";"http://twitter.com/search?q=%22Pablo+Iglesias%22";"%22Pablo+Iglesias%22";"766273";"Madrid"
"Sanchez";"http://twitter.com/search?q=Sanchez";"Sanchez";"766273";"Madrid"
"#DebateAtresmedia";"http://twitter.com/search?q=%23DebateAtresmedia";"%23DebateAtresmedia";"766273";"Madrid"
"#HazQueNoPase";"http://twitter.com/search?q=%23HazQueNoPase";"%23HazQueNoPase";"766273";"Madrid"
"Willy Toledo";"http://twitter.com/search?q=%22Willy+Toledo%22";"%22Willy+Toledo%22";"766273";"Madrid"
"Zalgiris";"http://twitter.com/search?q=Zalgiris";"Zalgiris";"766273";"Madrid"
"El Alcoraz";"http://twitter.com/search?q=%22El+Alcoraz%22";"%22El+Alcoraz%22";"766273";"Madrid"
"Daniel Cuevas";"http://twitter.com/search?q=%22Daniel+Cuevas%22";"%22Daniel+Cuevas%22";"766273";"Madrid"
"OAKA";"http://twitter.com/search?q=OAKA";"OAKA";"766273";"Madrid"
"Courtois";"http://twitter.com/search?q=Courtois";"Courtois";"766273";"Madrid"
"Índico";"http://twitter.com/search?q=%C3%8Dndico";"%C3%8Dndico";"766273";"Madrid"
"Skywalker";"http://twitter.com/search?q=Skywalker";"Skywalker";"766273";"Madrid"
"kaunas";"http://twitter.com/search?q=kaunas";"kaunas";"766273";"Madrid"
"El Requexón";"http://twitter.com/search?q=%22El+Requex%C3%B3n%22";"%22El+Requex%C3%B3n%22";"766273";"Madrid"
"Tejado";"http://twitter.com/search?q=Tejado";"Tejado";"766273";"Madrid"
"López Chaves";"http://twitter.com/search?q=%22L%C3%B3pez+Chaves%22";"%22L%C3%B3pez+Chaves%22";"766273";"Madrid"
"De Blasis";"http://twitter.com/search?q=%22De+Blasis%22";"%22De+Blasis%22";"766273";"Madrid"
"Alberto Casillas";"http://twitter.com/search?q=%22Alberto+Casillas%22";"%22Alberto+Casillas%22";"766273";"Madrid"
"María José Carrasco";"http://twitter.com/search?q=%22Mar%C3%ADa+Jos%C3%A9+Carrasco%22";"%22Mar%C3%ADa+Jos%C3%A9+Carrasco%22";"766273";"Madrid"
"David Galván";"http://twitter.com/search?q=%22David+Galv%C3%A1n%22";"%22David+Galv%C3%A1n%22";"766273";"Madrid"
"stéphanie frappart";"http://twitter.com/search?q=%22st%C3%A9phanie+frappart%22";"%22st%C3%A9phanie+frappart%22";"766273";"Madrid"
"Lexus";"http://twitter.com/search?q=Lexus";"Lexus";"766273";"Madrid"
"Pedro León";"http://twitter.com/search?q=%22Pedro+Le%C3%B3n%22";"%22Pedro+Le%C3%B3n%22";"766273";"Madrid"
"Abegondo";"http://twitter.com/search?q=Abegondo";"Abegondo";"766273";"Madrid"
"#ElDebateDecisivo";"http://twitter.com/search?q=%23ElDebateDecisivo";"%23ElDebateDecisivo";"766273";"Madrid"
"#DebateDecisivoARV";"http://twitter.com/search?q=%23DebateDecisivoARV";"%23DebateDecisivoARV";"766273";"Madrid"
"#HuescaEibar";"http://twitter.com/search?q=%23HuescaEibar";"%23HuescaEibar";"766273";"Madrid"
"#tartarmen";"http://twitter.com/search?q=%23tartarmen";"%23tartarmen";"766273";"Madrid"
"#PorTuCaraDeMartes";"http://twitter.com/search?q=%23PorTuCaraDeMartes";"%23PorTuCaraDeMartes";"766273";"Madrid"
"#EmpiezaLoBueno";"http://twitter.com/search?q=%23EmpiezaLoBueno";"%23EmpiezaLoBueno";"766273";"Madrid"
"#TraiciónDeEmreDivinity";"http://twitter.com/search?q=%23Traici%C3%B3nDeEmreDivinity";"%23Traici%C3%B3nDeEmreDivinity";"766273";"Madrid"
"#LosInfiltradosDeGol";"http://twitter.com/search?q=%23LosInfiltradosDeGol";"%23LosInfiltradosDeGol";"766273";"Madrid"
"#cuatroaldia45";"http://twitter.com/search?q=%23cuatroaldia45";"%23cuatroaldia45";"766273";"Madrid"
"#QuiénEsLaOtra";"http://twitter.com/search?q=%23Qui%C3%A9nEsLaOtra";"%23Qui%C3%A9nEsLaOtra";"766273";"Madrid"
"#CopaDeCampeones";"http://twitter.com/search?q=%23CopaDeCampeones";"%23CopaDeCampeones";"766273";"Madrid"
"#pantovivientes";"http://twitter.com/search?q=%23pantovivientes";"%23pantovivientes";"766273";"Madrid"
"#DevoraLibros";"http://twitter.com/search?q=%23DevoraLibros";"%23DevoraLibros";"766273";"Madrid"
"#yoveosálvame";"http://twitter.com/search?q=%23yoveos%C3%A1lvame";"%23yoveos%C3%A1lvame";"766273";"Madrid"
"#MVPMovistar";"http://twitter.com/search?q=%23MVPMovistar";"%23MVPMovistar";"766273";"Madrid"
"#PelazoFructis";"http://twitter.com/search?q=%23PelazoFructis";"%23PelazoFructis";"766273";"Madrid"
"#RelatoPanenka";"http://twitter.com/search?q=%23RelatoPanenka";"%23RelatoPanenka";"766273";"Madrid"
"#R6SpainNationals";"http://twitter.com/search?q=%23R6SpainNationals";"%23R6SpainNationals";"766273";"Madrid"
"#ElRegaloDeLeer";"http://twitter.com/search?q=%23ElRegaloDeLeer";"%23ElRegaloDeLeer";"766273";"Madrid"
"#DebateA3Media";"http://twitter.com/search?q=%23DebateA3Media";"%23DebateA3Media";"766273";"Madrid"
"#TodoEsMentira74";"http://twitter.com/search?q=%23TodoEsMentira74";"%23TodoEsMentira74";"766273";"Madrid"
"name";"url";"query";"woeid";"City"
"#ElDebateDecisivo";"http://twitter.com/search?q=%23ElDebateDecisivo";"%23ElDebateDecisivo";"754542";"Bilbao"
"ana pastor";"http://twitter.com/search?q=%22ana+pastor%22";"%22ana+pastor%22";"754542";"Bilbao"
"Final Four";"http://twitter.com/search?q=%22Final+Four%22";"%22Final+Four%22";"754542";"Bilbao"
"Laso";"http://twitter.com/search?q=Laso";"Laso";"754542";"Bilbao"
"Chimy Ávila";"http://twitter.com/search?q=%22Chimy+%C3%81vila%22";"%22Chimy+%C3%81vila%22";"754542";"Bilbao"
"Campazzo";"http://twitter.com/search?q=Campazzo";"Campazzo";"754542";"Bilbao"
"Facu";"http://twitter.com/search?q=Facu";"Facu";"754542";"Bilbao"
"El Girona";"http://twitter.com/search?q=%22El+Girona%22";"%22El+Girona%22";"754542";"Bilbao"
"Ayón";"http://twitter.com/search?q=Ay%C3%B3n";"Ay%C3%B3n";"754542";"Bilbao"
"Las Rozas";"http://twitter.com/search?q=%22Las+Rozas%22";"%22Las+Rozas%22";"754542";"Bilbao"
"Doraemon";"http://twitter.com/search?q=Doraemon";"Doraemon";"754542";"Bilbao"
"Noelia Vera";"http://twitter.com/search?q=%22Noelia+Vera%22";"%22Noelia+Vera%22";"754542";"Bilbao"
"Enric Gallego";"http://twitter.com/search?q=%22Enric+Gallego%22";"%22Enric+Gallego%22";"754542";"Bilbao"
"Llull";"http://twitter.com/search?q=Llull";"Llull";"754542";"Bilbao"
"Sánchez Dragó";"http://twitter.com/search?q=%22S%C3%A1nchez+Drag%C3%B3%22";"%22S%C3%A1nchez+Drag%C3%B3%22";"754542";"Bilbao"
"Taxi";"http://twitter.com/search?q=Taxi";"Taxi";"754542";"Bilbao"
"Salió Venezuela";"http://twitter.com/search?q=%22Sali%C3%B3+Venezuela%22";"%22Sali%C3%B3+Venezuela%22";"754542";"Bilbao"
"Trabajadores";"http://twitter.com/search?q=Trabajadores";"Trabajadores";"754542";"Bilbao"
"Nico Rodríguez";"http://twitter.com/search?q=%22Nico+Rodr%C3%ADguez%22";"%22Nico+Rodr%C3%ADguez%22";"754542";"Bilbao"
"Gol del Valladolid";"http://twitter.com/search?q=%22Gol+del+Valladolid%22";"%22Gol+del+Valladolid%22";"754542";"Bilbao"
"Míchel";"http://twitter.com/search?q=M%C3%ADchel";"M%C3%ADchel";"754542";"Bilbao"
"Shane Long";"http://twitter.com/search?q=%22Shane+Long%22";"%22Shane+Long%22";"754542";"Bilbao"
"Waldo";"http://twitter.com/search?q=Waldo";"Waldo";"754542";"Bilbao"
"Aleñá";"http://twitter.com/search?q=Ale%C3%B1%C3%A1";"Ale%C3%B1%C3%A1";"754542";"Bilbao"
"#CachitosNúmeros1";"http://twitter.com/search?q=%23CachitosN%C3%BAmeros1";"%23CachitosN%C3%BAmeros1";"754542";"Bilbao"
"#FamaABailar23A";"http://twitter.com/search?q=%23FamaABailar23A";"%23FamaABailar23A";"754542";"Bilbao"
"#AlavésBarça";"http://twitter.com/search?q=%23Alav%C3%A9sBar%C3%A7a";"%23Alav%C3%A9sBar%C3%A7a";"754542";"Bilbao"
"#FirstDates3Años2";"http://twitter.com/search?q=%23FirstDates3A%C3%B1os2";"%23FirstDates3A%C3%B1os2";"754542";"Bilbao"
"#RealValladolidGirona";"http://twitter.com/search?q=%23RealValladolidGirona";"%23RealValladolidGirona";"754542";"Bilbao"
"#VamosAGanar";"http://twitter.com/search?q=%23VamosAGanar";"%23VamosAGanar";"754542";"Bilbao"
"#VenACenar320";"http://twitter.com/search?q=%23VenACenar320";"%23VenACenar320";"754542";"Bilbao"
"#chupito";"http://twitter.com/search?q=%23chupito";"%23chupito";"754542";"Bilbao"
"#unidaspodemossevilla";"http://twitter.com/search?q=%23unidaspodemossevilla";"%23unidaspodemossevilla";"754542";"Bilbao"
"#ElDebateDecisivo";"http://twitter.com/search?q=%23ElDebateDecisivo";"%23ElDebateDecisivo";"764814";"Las Palmas de Gran Canaria"
"#CachitosNúmeros1";"http://twitter.com/search?q=%23CachitosN%C3%BAmeros1";"%23CachitosN%C3%BAmeros1";"764814";"Las Palmas de Gran Canaria"
"#CasadoPresidente";"http://twitter.com/search?q=%23CasadoPresidente";"%23CasadoPresidente";"764814";"Las Palmas de Gran Canaria"
"Ana Pastor";"http://twitter.com/search?q=%22Ana+Pastor%22";"%22Ana+Pastor%22";"764814";"Las Palmas de Gran Canaria"
"Rivera y Sánchez";"http://twitter.com/search?q=%22Rivera+y+S%C3%A1nchez%22";"%22Rivera+y+S%C3%A1nchez%22";"764814";"Las Palmas de Gran Canaria"
"Sánchez y Rivera";"http://twitter.com/search?q=%22S%C3%A1nchez+y+Rivera%22";"%22S%C3%A1nchez+y+Rivera%22";"764814";"Las Palmas de Gran Canaria"
"Final Four";"http://twitter.com/search?q=%22Final+Four%22";"%22Final+Four%22";"764814";"Las Palmas de Gran Canaria"
"Laso";"http://twitter.com/search?q=Laso";"Laso";"764814";"Las Palmas de Gran Canaria"
"Chimy Ávila";"http://twitter.com/search?q=%22Chimy+%C3%81vila%22";"%22Chimy+%C3%81vila%22";"764814";"Las Palmas de Gran Canaria"
"Campazzo";"http://twitter.com/search?q=Campazzo";"Campazzo";"764814";"Las Palmas de Gran Canaria"
"Facu";"http://twitter.com/search?q=Facu";"Facu";"764814";"Las Palmas de Gran Canaria"
"El Girona";"http://twitter.com/search?q=%22El+Girona%22";"%22El+Girona%22";"764814";"Las Palmas de Gran Canaria"
"Ayón";"http://twitter.com/search?q=Ay%C3%B3n";"Ay%C3%B3n";"764814";"Las Palmas de Gran Canaria"
"Las Rozas";"http://twitter.com/search?q=%22Las+Rozas%22";"%22Las+Rozas%22";"764814";"Las Palmas de Gran Canaria"
"Doraemon";"http://twitter.com/search?q=Doraemon";"Doraemon";"764814";"Las Palmas de Gran Canaria"
"Llull";"http://twitter.com/search?q=Llull";"Llull";"764814";"Las Palmas de Gran Canaria"
"Sánchez Dragó";"http://twitter.com/search?q=%22S%C3%A1nchez+Drag%C3%B3%22";"%22S%C3%A1nchez+Drag%C3%B3%22";"764814";"Las Palmas de Gran Canaria"
"Noelia Vera";"http://twitter.com/search?q=%22Noelia+Vera%22";"%22Noelia+Vera%22";"764814";"Las Palmas de Gran Canaria"
"Rivera a Iglesias";"http://twitter.com/search?q=%22Rivera+a+Iglesias%22";"%22Rivera+a+Iglesias%22";"764814";"Las Palmas de Gran Canaria"
"Enric Gallego";"http://twitter.com/search?q=%22Enric+Gallego%22";"%22Enric+Gallego%22";"764814";"Las Palmas de Gran Canaria"
"Salió Venezuela";"http://twitter.com/search?q=%22Sali%C3%B3+Venezuela%22";"%22Sali%C3%B3+Venezuela%22";"764814";"Las Palmas de Gran Canaria"
"Trabajadores";"http://twitter.com/search?q=Trabajadores";"Trabajadores";"764814";"Las Palmas de Gran Canaria"
"Pedro Sánchez y Albert Rivera";"http://twitter.com/search?q=%22Pedro+S%C3%A1nchez+y+Albert+Rivera%22";"%22Pedro+S%C3%A1nchez+y+Albert+Rivera%22";"764814";"Las Palmas de Gran Canaria"
"Nico Rodríguez";"http://twitter.com/search?q=%22Nico+Rodr%C3%ADguez%22";"%22Nico+Rodr%C3%ADguez%22";"764814";"Las Palmas de Gran Canaria"
"Gol del Valladolid";"http://twitter.com/search?q=%22Gol+del+Valladolid%22";"%22Gol+del+Valladolid%22";"764814";"Las Palmas de Gran Canaria"
"Míchel";"http://twitter.com/search?q=M%C3%ADchel";"M%C3%ADchel";"764814";"Las Palmas de Gran Canaria"
"Taxi";"http://twitter.com/search?q=Taxi";"Taxi";"764814";"Las Palmas de Gran Canaria"
"Shane Long";"http://twitter.com/search?q=%22Shane+Long%22";"%22Shane+Long%22";"764814";"Las Palmas de Gran Canaria"
"Waldo";"http://twitter.com/search?q=Waldo";"Waldo";"764814";"Las Palmas de Gran Canaria"
"Aleñá";"http://twitter.com/search?q=Ale%C3%B1%C3%A1";"Ale%C3%B1%C3%A1";"764814";"Las Palmas de Gran Canaria"
"#FamaABailar23A";"http://twitter.com/search?q=%23FamaABailar23A";"%23FamaABailar23A";"764814";"Las Palmas de Gran Canaria"
"#AlavésBarça";"http://twitter.com/search?q=%23Alav%C3%A9sBar%C3%A7a";"%23Alav%C3%A9sBar%C3%A7a";"764814";"Las Palmas de Gran Canaria"
"#FirstDates3Años2";"http://twitter.com/search?q=%23FirstDates3A%C3%B1os2";"%23FirstDates3A%C3%B1os2";"764814";"Las Palmas de Gran Canaria"
"#RealValladolidGirona";"http://twitter.com/search?q=%23RealValladolidGirona";"%23RealValladolidGirona";"764814";"Las Palmas de Gran Canaria"
"#VamosAGanar";"http://twitter.com/search?q=%23VamosAGanar";"%23VamosAGanar";"764814";"Las Palmas de Gran Canaria"
"#VenACenar320";"http://twitter.com/search?q=%23VenACenar320";"%23VenACenar320";"764814";"Las Palmas de Gran Canaria"
"#chupito";"http://twitter.com/search?q=%23chupito";"%23chupito";"764814";"Las Palmas de Gran Canaria"
"#unidaspodemossevilla";"http://twitter.com/search?q=%23unidaspodemossevilla";"%23unidaspodemossevilla";"764814";"Las Palmas de Gran Canaria"
"#PedroVuelveaGanar";"http://twitter.com/search?q=%23PedroVuelveaGanar";"%23PedroVuelveaGanar";"764814";"Las Palmas de Gran Canaria"
"#ElDebateDecisivo";"http://twitter.com/search?q=%23ElDebateDecisivo";"%23ElDebateDecisivo";"769293";"Palma"
"#CachitosNúmeros1";"http://twitter.com/search?q=%23CachitosN%C3%BAmeros1";"%23CachitosN%C3%BAmeros1";"769293";"Palma"
"#CasadoPresidente";"http://twitter.com/search?q=%23CasadoPresidente";"%23CasadoPresidente";"769293";"Palma"
"Ana Pastor";"http://twitter.com/search?q=%22Ana+Pastor%22";"%22Ana+Pastor%22";"769293";"Palma"
"Final Four";"http://twitter.com/search?q=%22Final+Four%22";"%22Final+Four%22";"769293";"Palma"
"Rivera y Sánchez";"http://twitter.com/search?q=%22Rivera+y+S%C3%A1nchez%22";"%22Rivera+y+S%C3%A1nchez%22";"769293";"Palma"
"Sánchez y Rivera";"http://twitter.com/search?q=%22S%C3%A1nchez+y+Rivera%22";"%22S%C3%A1nchez+y+Rivera%22";"769293";"Palma"
"Laso";"http://twitter.com/search?q=Laso";"Laso";"769293";"Palma"
"facu";"http://twitter.com/search?q=facu";"facu";"769293";"Palma"
"Chimy Ávila";"http://twitter.com/search?q=%22Chimy+%C3%81vila%22";"%22Chimy+%C3%81vila%22";"769293";"Palma"
"Campazzo";"http://twitter.com/search?q=Campazzo";"Campazzo";"769293";"Palma"
"Las Rozas";"http://twitter.com/search?q=%22Las+Rozas%22";"%22Las+Rozas%22";"769293";"Palma"
"Ayón";"http://twitter.com/search?q=Ay%C3%B3n";"Ay%C3%B3n";"769293";"Palma"
"Míchel";"http://twitter.com/search?q=M%C3%ADchel";"M%C3%ADchel";"769293";"Palma"
"Noelia Vera";"http://twitter.com/search?q=%22Noelia+Vera%22";"%22Noelia+Vera%22";"769293";"Palma"
"Enric Gallego";"http://twitter.com/search?q=%22Enric+Gallego%22";"%22Enric+Gallego%22";"769293";"Palma"
"Taxi";"http://twitter.com/search?q=Taxi";"Taxi";"769293";"Palma"
"Llull";"http://twitter.com/search?q=Llull";"Llull";"769293";"Palma"
"Salió Venezuela";"http://twitter.com/search?q=%22Sali%C3%B3+Venezuela%22";"%22Sali%C3%B3+Venezuela%22";"769293";"Palma"
"Shane Long";"http://twitter.com/search?q=%22Shane+Long%22";"%22Shane+Long%22";"769293";"Palma"
"Doraemon";"http://twitter.com/search?q=Doraemon";"Doraemon";"769293";"Palma"
"Rivera a Iglesias";"http://twitter.com/search?q=%22Rivera+a+Iglesias%22";"%22Rivera+a+Iglesias%22";"769293";"Palma"
"Nico Rodríguez";"http://twitter.com/search?q=%22Nico+Rodr%C3%ADguez%22";"%22Nico+Rodr%C3%ADguez%22";"769293";"Palma"
"Gol del Valladolid";"http://twitter.com/search?q=%22Gol+del+Valladolid%22";"%22Gol+del+Valladolid%22";"769293";"Palma"
"Trabajadores";"http://twitter.com/search?q=Trabajadores";"Trabajadores";"769293";"Palma"
"El Girona";"http://twitter.com/search?q=%22El+Girona%22";"%22El+Girona%22";"769293";"Palma"
"Waldo";"http://twitter.com/search?q=Waldo";"Waldo";"769293";"Palma"
"Pedro Sánchez y Albert Rivera";"http://twitter.com/search?q=%22Pedro+S%C3%A1nchez+y+Albert+Rivera%22";"%22Pedro+S%C3%A1nchez+y+Albert+Rivera%22";"769293";"Palma"
"Aleñá";"http://twitter.com/search?q=Ale%C3%B1%C3%A1";"Ale%C3%B1%C3%A1";"769293";"Palma"
"Otra F4";"http://twitter.com/search?q=%22Otra+F4%22";"%22Otra+F4%22";"769293";"Palma"
"#FamaABailar23A";"http://twitter.com/search?q=%23FamaABailar23A";"%23FamaABailar23A";"769293";"Palma"
"#firstdates3años2";"http://twitter.com/search?q=%23firstdates3a%C3%B1os2";"%23firstdates3a%C3%B1os2";"769293";"Palma"
"#AlavésBarça";"http://twitter.com/search?q=%23Alav%C3%A9sBar%C3%A7a";"%23Alav%C3%A9sBar%C3%A7a";"769293";"Palma"
"#RealValladolidGirona";"http://twitter.com/search?q=%23RealValladolidGirona";"%23RealValladolidGirona";"769293";"Palma"
"#VenACenar320";"http://twitter.com/search?q=%23VenACenar320";"%23VenACenar320";"769293";"Palma"
"#VamosAGanar";"http://twitter.com/search?q=%23VamosAGanar";"%23VamosAGanar";"769293";"Palma"
"#chupito";"http://twitter.com/search?q=%23chupito";"%23chupito";"769293";"Palma"
"#unidaspodemossevilla";"http://twitter.com/search?q=%23unidaspodemossevilla";"%23unidaspodemossevilla";"769293";"Palma"
"#F4Glory";"http://twitter.com/search?q=%23F4Glory";"%23F4Glory";"769293";"Palma"
"#EuroleaguePlayoffs";"http://twitter.com/search?q=%23EuroleaguePlayoffs";"%23EuroleaguePlayoffs";"769293";"Palma"
"Albert Rivera";"http://twitter.com/search?q=%22Albert+Rivera%22";"%22Albert+Rivera%22";"768026";"Murcia"
"#BandoDeLaHuerta";"http://twitter.com/search?q=%23BandoDeLaHuerta";"%23BandoDeLaHuerta";"768026";"Murcia"
"Ana Pastor";"http://twitter.com/search?q=%22Ana+Pastor%22";"%22Ana+Pastor%22";"768026";"Murcia"
"Final Four";"http://twitter.com/search?q=%22Final+Four%22";"%22Final+Four%22";"768026";"Murcia"
"Rivera y Sánchez";"http://twitter.com/search?q=%22Rivera+y+S%C3%A1nchez%22";"%22Rivera+y+S%C3%A1nchez%22";"768026";"Murcia"
"Sánchez y Rivera";"http://twitter.com/search?q=%22S%C3%A1nchez+y+Rivera%22";"%22S%C3%A1nchez+y+Rivera%22";"768026";"Murcia"
"Laso";"http://twitter.com/search?q=Laso";"Laso";"768026";"Murcia"
"facu";"http://twitter.com/search?q=facu";"facu";"768026";"Murcia"
"Chimy Ávila";"http://twitter.com/search?q=%22Chimy+%C3%81vila%22";"%22Chimy+%C3%81vila%22";"768026";"Murcia"
"Campazzo";"http://twitter.com/search?q=Campazzo";"Campazzo";"768026";"Murcia"
"Las Rozas";"http://twitter.com/search?q=%22Las+Rozas%22";"%22Las+Rozas%22";"768026";"Murcia"
"Ayón";"http://twitter.com/search?q=Ay%C3%B3n";"Ay%C3%B3n";"768026";"Murcia"
"Míchel";"http://twitter.com/search?q=M%C3%ADchel";"M%C3%ADchel";"768026";"Murcia"
"Noelia Vera";"http://twitter.com/search?q=%22Noelia+Vera%22";"%22Noelia+Vera%22";"768026";"Murcia"
"Enric Gallego";"http://twitter.com/search?q=%22Enric+Gallego%22";"%22Enric+Gallego%22";"768026";"Murcia"
"El Huesca";"http://twitter.com/search?q=%22El+Huesca%22";"%22El+Huesca%22";"768026";"Murcia"
"Taxi";"http://twitter.com/search?q=Taxi";"Taxi";"768026";"Murcia"
"Llull";"http://twitter.com/search?q=Llull";"Llull";"768026";"Murcia"
"Salió Venezuela";"http://twitter.com/search?q=%22Sali%C3%B3+Venezuela%22";"%22Sali%C3%B3+Venezuela%22";"768026";"Murcia"
"Shane Long";"http://twitter.com/search?q=%22Shane+Long%22";"%22Shane+Long%22";"768026";"Murcia"
"Rivera a Iglesias";"http://twitter.com/search?q=%22Rivera+a+Iglesias%22";"%22Rivera+a+Iglesias%22";"768026";"Murcia"
"Nico Rodríguez";"http://twitter.com/search?q=%22Nico+Rodr%C3%ADguez%22";"%22Nico+Rodr%C3%ADguez%22";"768026";"Murcia"
"Gol del Valladolid";"http://twitter.com/search?q=%22Gol+del+Valladolid%22";"%22Gol+del+Valladolid%22";"768026";"Murcia"
"Trabajadores";"http://twitter.com/search?q=Trabajadores";"Trabajadores";"768026";"Murcia"
"El Girona";"http://twitter.com/search?q=%22El+Girona%22";"%22El+Girona%22";"768026";"Murcia"
"Waldo";"http://twitter.com/search?q=Waldo";"Waldo";"768026";"Murcia"
"#CachitosNúmeros1";"http://twitter.com/search?q=%23CachitosN%C3%BAmeros1";"%23CachitosN%C3%BAmeros1";"768026";"Murcia"
"#CasadoPresidente";"http://twitter.com/search?q=%23CasadoPresidente";"%23CasadoPresidente";"768026";"Murcia"
"#FamaABailar23A";"http://twitter.com/search?q=%23FamaABailar23A";"%23FamaABailar23A";"768026";"Murcia"
"#FirstDates3Años2";"http://twitter.com/search?q=%23FirstDates3A%C3%B1os2";"%23FirstDates3A%C3%B1os2";"768026";"Murcia"
"#AlavésBarça";"http://twitter.com/search?q=%23Alav%C3%A9sBar%C3%A7a";"%23Alav%C3%A9sBar%C3%A7a";"768026";"Murcia"
"#RealValladolidGirona";"http://twitter.com/search?q=%23RealValladolidGirona";"%23RealValladolidGirona";"768026";"Murcia"
"#VenACenar320";"http://twitter.com/search?q=%23VenACenar320";"%23VenACenar320";"768026";"Murcia"
"#VamosAGanar";"http://twitter.com/search?q=%23VamosAGanar";"%23VamosAGanar";"768026";"Murcia"
"#chupito";"http://twitter.com/search?q=%23chupito";"%23chupito";"768026";"Murcia"
"#unidaspodemossevilla";"http://twitter.com/search?q=%23unidaspodemossevilla";"%23unidaspodemossevilla";"768026";"Murcia"
"#F4Glory";"http://twitter.com/search?q=%23F4Glory";"%23F4Glory";"768026";"Murcia"
"#CachitosNúmeros1";"http://twitter.com/search?q=%23CachitosN%C3%BAmeros1";"%23CachitosN%C3%BAmeros1";"766356";"Málaga"
"#CasadoPresidente";"http://twitter.com/search?q=%23CasadoPresidente";"%23CasadoPresidente";"766356";"Málaga"
"Ana Pastor";"http://twitter.com/search?q=%22Ana+Pastor%22";"%22Ana+Pastor%22";"766356";"Málaga"
"Rivera y Sánchez";"http://twitter.com/search?q=%22Rivera+y+S%C3%A1nchez%22";"%22Rivera+y+S%C3%A1nchez%22";"766356";"Málaga"
"Sánchez y Rivera";"http://twitter.com/search?q=%22S%C3%A1nchez+y+Rivera%22";"%22S%C3%A1nchez+y+Rivera%22";"766356";"Málaga"
"Final Four";"http://twitter.com/search?q=%22Final+Four%22";"%22Final+Four%22";"766356";"Málaga"
"Laso";"http://twitter.com/search?q=Laso";"Laso";"766356";"Málaga"
"Chimy Ávila";"http://twitter.com/search?q=%22Chimy+%C3%81vila%22";"%22Chimy+%C3%81vila%22";"766356";"Málaga"
"Campazzo";"http://twitter.com/search?q=Campazzo";"Campazzo";"766356";"Málaga"
"Facu";"http://twitter.com/search?q=Facu";"Facu";"766356";"Málaga"
"El Girona";"http://twitter.com/search?q=%22El+Girona%22";"%22El+Girona%22";"766356";"Málaga"
"Ayón";"http://twitter.com/search?q=Ay%C3%B3n";"Ay%C3%B3n";"766356";"Málaga"
"Las Rozas";"http://twitter.com/search?q=%22Las+Rozas%22";"%22Las+Rozas%22";"766356";"Málaga"
"Doraemon";"http://twitter.com/search?q=Doraemon";"Doraemon";"766356";"Málaga"
"Llull";"http://twitter.com/search?q=Llull";"Llull";"766356";"Málaga"
"Sánchez Dragó";"http://twitter.com/search?q=%22S%C3%A1nchez+Drag%C3%B3%22";"%22S%C3%A1nchez+Drag%C3%B3%22";"766356";"Málaga"
"Noelia Vera";"http://twitter.com/search?q=%22Noelia+Vera%22";"%22Noelia+Vera%22";"766356";"Málaga"
"Rivera a Iglesias";"http://twitter.com/search?q=%22Rivera+a+Iglesias%22";"%22Rivera+a+Iglesias%22";"766356";"Málaga"
"Enric Gallego";"http://twitter.com/search?q=%22Enric+Gallego%22";"%22Enric+Gallego%22";"766356";"Málaga"
"Salió Venezuela";"http://twitter.com/search?q=%22Sali%C3%B3+Venezuela%22";"%22Sali%C3%B3+Venezuela%22";"766356";"Málaga"
"Míchel";"http://twitter.com/search?q=M%C3%ADchel";"M%C3%ADchel";"766356";"Málaga"
"Trabajadores";"http://twitter.com/search?q=Trabajadores";"Trabajadores";"766356";"Málaga"
"Pedro Sánchez y Albert Rivera";"http://twitter.com/search?q=%22Pedro+S%C3%A1nchez+y+Albert+Rivera%22";"%22Pedro+S%C3%A1nchez+y+Albert+Rivera%22";"766356";"Málaga"
"Nico Rodríguez";"http://twitter.com/search?q=%22Nico+Rodr%C3%ADguez%22";"%22Nico+Rodr%C3%ADguez%22";"766356";"Málaga"
"Gol del Valladolid";"http://twitter.com/search?q=%22Gol+del+Valladolid%22";"%22Gol+del+Valladolid%22";"766356";"Málaga"
"Taxi";"http://twitter.com/search?q=Taxi";"Taxi";"766356";"Málaga"
"Shane Long";"http://twitter.com/search?q=%22Shane+Long%22";"%22Shane+Long%22";"766356";"Málaga"
"Waldo";"http://twitter.com/search?q=Waldo";"Waldo";"766356";"Málaga"
"Aleñá";"http://twitter.com/search?q=Ale%C3%B1%C3%A1";"Ale%C3%B1%C3%A1";"766356";"Málaga"
"Otra F4";"http://twitter.com/search?q=%22Otra+F4%22";"%22Otra+F4%22";"766356";"Málaga"
"#FamaABailar23A";"http://twitter.com/search?q=%23FamaABailar23A";"%23FamaABailar23A";"766356";"Málaga"
"#FirstDates3Años2";"http://twitter.com/search?q=%23FirstDates3A%C3%B1os2";"%23FirstDates3A%C3%B1os2";"766356";"Málaga"
"#RealValladolidGirona";"http://twitter.com/search?q=%23RealValladolidGirona";"%23RealValladolidGirona";"766356";"Málaga"
"#VamosAGanar";"http://twitter.com/search?q=%23VamosAGanar";"%23VamosAGanar";"766356";"Málaga"
"#VenACenar320";"http://twitter.com/search?q=%23VenACenar320";"%23VenACenar320";"766356";"Málaga"
"#PedroVuelveaGanar";"http://twitter.com/search?q=%23PedroVuelveaGanar";"%23PedroVuelveaGanar";"766356";"Málaga"
"#chupito";"http://twitter.com/search?q=%23chupito";"%23chupito";"766356";"Málaga"
"#unidaspodemossevilla";"http://twitter.com/search?q=%23unidaspodemossevilla";"%23unidaspodemossevilla";"766356";"Málaga"
"#CachitosNúmeros1";"http://twitter.com/search?q=%23CachitosN%C3%BAmeros1";"%23CachitosN%C3%BAmeros1";"779063";"Zaragoza"
"#CasadoPresidente";"http://twitter.com/search?q=%23CasadoPresidente";"%23CasadoPresidente";"779063";"Zaragoza"
"Ana Pastor";"http://twitter.com/search?q=%22Ana+Pastor%22";"%22Ana+Pastor%22";"779063";"Zaragoza"
"Final Four";"http://twitter.com/search?q=%22Final+Four%22";"%22Final+Four%22";"779063";"Zaragoza"
"Rivera y Sánchez";"http://twitter.com/search?q=%22Rivera+y+S%C3%A1nchez%22";"%22Rivera+y+S%C3%A1nchez%22";"779063";"Zaragoza"
"Sánchez y Rivera";"http://twitter.com/search?q=%22S%C3%A1nchez+y+Rivera%22";"%22S%C3%A1nchez+y+Rivera%22";"779063";"Zaragoza"
"Laso";"http://twitter.com/search?q=Laso";"Laso";"779063";"Zaragoza"
"facu";"http://twitter.com/search?q=facu";"facu";"779063";"Zaragoza"
"Chimy Ávila";"http://twitter.com/search?q=%22Chimy+%C3%81vila%22";"%22Chimy+%C3%81vila%22";"779063";"Zaragoza"
"Campazzo";"http://twitter.com/search?q=Campazzo";"Campazzo";"779063";"Zaragoza"
"Las Rozas";"http://twitter.com/search?q=%22Las+Rozas%22";"%22Las+Rozas%22";"779063";"Zaragoza"
"Ayón";"http://twitter.com/search?q=Ay%C3%B3n";"Ay%C3%B3n";"779063";"Zaragoza"
"Míchel";"http://twitter.com/search?q=M%C3%ADchel";"M%C3%ADchel";"779063";"Zaragoza"
"Noelia Vera";"http://twitter.com/search?q=%22Noelia+Vera%22";"%22Noelia+Vera%22";"779063";"Zaragoza"
"Enric Gallego";"http://twitter.com/search?q=%22Enric+Gallego%22";"%22Enric+Gallego%22";"779063";"Zaragoza"
"Taxi";"http://twitter.com/search?q=Taxi";"Taxi";"779063";"Zaragoza"
"Llull";"http://twitter.com/search?q=Llull";"Llull";"779063";"Zaragoza"
"Salió Venezuela";"http://twitter.com/search?q=%22Sali%C3%B3+Venezuela%22";"%22Sali%C3%B3+Venezuela%22";"779063";"Zaragoza"
"Shane Long";"http://twitter.com/search?q=%22Shane+Long%22";"%22Shane+Long%22";"779063";"Zaragoza"
"Doraemon";"http://twitter.com/search?q=Doraemon";"Doraemon";"779063";"Zaragoza"
"Rivera a Iglesias";"http://twitter.com/search?q=%22Rivera+a+Iglesias%22";"%22Rivera+a+Iglesias%22";"779063";"Zaragoza"
"Nico Rodríguez";"http://twitter.com/search?q=%22Nico+Rodr%C3%ADguez%22";"%22Nico+Rodr%C3%ADguez%22";"779063";"Zaragoza"
"Gol del Valladolid";"http://twitter.com/search?q=%22Gol+del+Valladolid%22";"%22Gol+del+Valladolid%22";"779063";"Zaragoza"
"Trabajadores";"http://twitter.com/search?q=Trabajadores";"Trabajadores";"779063";"Zaragoza"
"El Girona";"http://twitter.com/search?q=%22El+Girona%22";"%22El+Girona%22";"779063";"Zaragoza"
"Waldo";"http://twitter.com/search?q=Waldo";"Waldo";"779063";"Zaragoza"
"Pedro Sánchez y Albert Rivera";"http://twitter.com/search?q=%22Pedro+S%C3%A1nchez+y+Albert+Rivera%22";"%22Pedro+S%C3%A1nchez+y+Albert+Rivera%22";"779063";"Zaragoza"
"Aleñá";"http://twitter.com/search?q=Ale%C3%B1%C3%A1";"Ale%C3%B1%C3%A1";"779063";"Zaragoza"
"Otra F4";"http://twitter.com/search?q=%22Otra+F4%22";"%22Otra+F4%22";"779063";"Zaragoza"
"#FamaABailar23A";"http://twitter.com/search?q=%23FamaABailar23A";"%23FamaABailar23A";"779063";"Zaragoza"
"#firstdates3años2";"http://twitter.com/search?q=%23firstdates3a%C3%B1os2";"%23firstdates3a%C3%B1os2";"779063";"Zaragoza"
"#RealValladolidGirona";"http://twitter.com/search?q=%23RealValladolidGirona";"%23RealValladolidGirona";"779063";"Zaragoza"
"#VenACenar320";"http://twitter.com/search?q=%23VenACenar320";"%23VenACenar320";"779063";"Zaragoza"
"#VamosAGanar";"http://twitter.com/search?q=%23VamosAGanar";"%23VamosAGanar";"779063";"Zaragoza"
"#chupito";"http://twitter.com/search?q=%23chupito";"%23chupito";"779063";"Zaragoza"
"#unidaspodemossevilla";"http://twitter.com/search?q=%23unidaspodemossevilla";"%23unidaspodemossevilla";"779063";"Zaragoza"
"#F4Glory";"http://twitter.com/search?q=%23F4Glory";"%23F4Glory";"779063";"Zaragoza"
"#EuroleaguePlayoffs";"http://twitter.com/search?q=%23EuroleaguePlayoffs";"%23EuroleaguePlayoffs";"779063";"Zaragoza"
"#GloriasSevilla19";"http://twitter.com/search?q=%23GloriasSevilla19";"%23GloriasSevilla19";"774508";"Sevilla"
"Cartel";"http://twitter.com/search?q=Cartel";"Cartel";"774508";"Sevilla"
"Huesca";"http://twitter.com/search?q=Huesca";"Huesca";"774508";"Sevilla"
"Alberto Carlos";"http://twitter.com/search?q=%22Alberto+Carlos%22";"%22Alberto+Carlos%22";"774508";"Sevilla"
"Ana Pastor";"http://twitter.com/search?q=%22Ana+Pastor%22";"%22Ana+Pastor%22";"774508";"Sevilla"
"Final Four";"http://twitter.com/search?q=%22Final+Four%22";"%22Final+Four%22";"774508";"Sevilla"
"Laso";"http://twitter.com/search?q=Laso";"Laso";"774508";"Sevilla"
"facu";"http://twitter.com/search?q=facu";"facu";"774508";"Sevilla"
"Chimy Ávila";"http://twitter.com/search?q=%22Chimy+%C3%81vila%22";"%22Chimy+%C3%81vila%22";"774508";"Sevilla"
"Campazzo";"http://twitter.com/search?q=Campazzo";"Campazzo";"774508";"Sevilla"
"Las Rozas";"http://twitter.com/search?q=%22Las+Rozas%22";"%22Las+Rozas%22";"774508";"Sevilla"
"Ayón";"http://twitter.com/search?q=Ay%C3%B3n";"Ay%C3%B3n";"774508";"Sevilla"
"Míchel";"http://twitter.com/search?q=M%C3%ADchel";"M%C3%ADchel";"774508";"Sevilla"
"Noelia Vera";"http://twitter.com/search?q=%22Noelia+Vera%22";"%22Noelia+Vera%22";"774508";"Sevilla"
"Enric Gallego";"http://twitter.com/search?q=%22Enric+Gallego%22";"%22Enric+Gallego%22";"774508";"Sevilla"
"Taxi";"http://twitter.com/search?q=Taxi";"Taxi";"774508";"Sevilla"
"Llull";"http://twitter.com/search?q=Llull";"Llull";"774508";"Sevilla"
"Salió Venezuela";"http://twitter.com/search?q=%22Sali%C3%B3+Venezuela%22";"%22Sali%C3%B3+Venezuela%22";"774508";"Sevilla"
"Shane Long";"http://twitter.com/search?q=%22Shane+Long%22";"%22Shane+Long%22";"774508";"Sevilla"
"Nico Rodríguez";"http://twitter.com/search?q=%22Nico+Rodr%C3%ADguez%22";"%22Nico+Rodr%C3%ADguez%22";"774508";"Sevilla"
"Gol del Valladolid";"http://twitter.com/search?q=%22Gol+del+Valladolid%22";"%22Gol+del+Valladolid%22";"774508";"Sevilla"
"Trabajadores";"http://twitter.com/search?q=Trabajadores";"Trabajadores";"774508";"Sevilla"
"El Girona";"http://twitter.com/search?q=%22El+Girona%22";"%22El+Girona%22";"774508";"Sevilla"
"Waldo";"http://twitter.com/search?q=Waldo";"Waldo";"774508";"Sevilla"
"Aleñá";"http://twitter.com/search?q=Ale%C3%B1%C3%A1";"Ale%C3%B1%C3%A1";"774508";"Sevilla"
"Otra F4";"http://twitter.com/search?q=%22Otra+F4%22";"%22Otra+F4%22";"774508";"Sevilla"
"#CachitosNúmeros1";"http://twitter.com/search?q=%23CachitosN%C3%BAmeros1";"%23CachitosN%C3%BAmeros1";"774508";"Sevilla"
"#CasadoPresidente";"http://twitter.com/search?q=%23CasadoPresidente";"%23CasadoPresidente";"774508";"Sevilla"
"#FamaABailar23A";"http://twitter.com/search?q=%23FamaABailar23A";"%23FamaABailar23A";"774508";"Sevilla"
"#firstdates3años2";"http://twitter.com/search?q=%23firstdates3a%C3%B1os2";"%23firstdates3a%C3%B1os2";"774508";"Sevilla"
"#AlavésBarça";"http://twitter.com/search?q=%23Alav%C3%A9sBar%C3%A7a";"%23Alav%C3%A9sBar%C3%A7a";"774508";"Sevilla"
"#RealValladolidGirona";"http://twitter.com/search?q=%23RealValladolidGirona";"%23RealValladolidGirona";"774508";"Sevilla"
"#VenACenar320";"http://twitter.com/search?q=%23VenACenar320";"%23VenACenar320";"774508";"Sevilla"
"#VamosAGanar";"http://twitter.com/search?q=%23VamosAGanar";"%23VamosAGanar";"774508";"Sevilla"
"#chupito";"http://twitter.com/search?q=%23chupito";"%23chupito";"774508";"Sevilla"
"#unidaspodemossevilla";"http://twitter.com/search?q=%23unidaspodemossevilla";"%23unidaspodemossevilla";"774508";"Sevilla"
"#F4Glory";"http://twitter.com/search?q=%23F4Glory";"%23F4Glory";"774508";"Sevilla"
"#EuroleaguePlayoffs";"http://twitter.com/search?q=%23EuroleaguePlayoffs";"%23EuroleaguePlayoffs";"774508";"Sevilla"
"#CachitosNúmeros1";"http://twitter.com/search?q=%23CachitosN%C3%BAmeros1";"%23CachitosN%C3%BAmeros1";"776688";"València"
"#CasadoPresidente";"http://twitter.com/search?q=%23CasadoPresidente";"%23CasadoPresidente";"776688";"València"
"Ana Pastor";"http://twitter.com/search?q=%22Ana+Pastor%22";"%22Ana+Pastor%22";"776688";"València"
"Final Four";"http://twitter.com/search?q=%22Final+Four%22";"%22Final+Four%22";"776688";"València"
"Rivera y Sánchez";"http://twitter.com/search?q=%22Rivera+y+S%C3%A1nchez%22";"%22Rivera+y+S%C3%A1nchez%22";"776688";"València"
"Sánchez y Rivera";"http://twitter.com/search?q=%22S%C3%A1nchez+y+Rivera%22";"%22S%C3%A1nchez+y+Rivera%22";"776688";"València"
"Laso";"http://twitter.com/search?q=Laso";"Laso";"776688";"València"
"facu";"http://twitter.com/search?q=facu";"facu";"776688";"València"
"Chimy Ávila";"http://twitter.com/search?q=%22Chimy+%C3%81vila%22";"%22Chimy+%C3%81vila%22";"776688";"València"
"Campazzo";"http://twitter.com/search?q=Campazzo";"Campazzo";"776688";"València"
"Las Rozas";"http://twitter.com/search?q=%22Las+Rozas%22";"%22Las+Rozas%22";"776688";"València"
"Ayón";"http://twitter.com/search?q=Ay%C3%B3n";"Ay%C3%B3n";"776688";"València"
"Míchel";"http://twitter.com/search?q=M%C3%ADchel";"M%C3%ADchel";"776688";"València"
"Noelia Vera";"http://twitter.com/search?q=%22Noelia+Vera%22";"%22Noelia+Vera%22";"776688";"València"
"Enric Gallego";"http://twitter.com/search?q=%22Enric+Gallego%22";"%22Enric+Gallego%22";"776688";"València"
"Taxi";"http://twitter.com/search?q=Taxi";"Taxi";"776688";"València"
"Llull";"http://twitter.com/search?q=Llull";"Llull";"776688";"València"
"Salió Venezuela";"http://twitter.com/search?q=%22Sali%C3%B3+Venezuela%22";"%22Sali%C3%B3+Venezuela%22";"776688";"València"
"Shane Long";"http://twitter.com/search?q=%22Shane+Long%22";"%22Shane+Long%22";"776688";"València"
"Rivera a Iglesias";"http://twitter.com/search?q=%22Rivera+a+Iglesias%22";"%22Rivera+a+Iglesias%22";"776688";"València"
"Nico Rodríguez";"http://twitter.com/search?q=%22Nico+Rodr%C3%ADguez%22";"%22Nico+Rodr%C3%ADguez%22";"776688";"València"
"Gol del Valladolid";"http://twitter.com/search?q=%22Gol+del+Valladolid%22";"%22Gol+del+Valladolid%22";"776688";"València"
"Trabajadores";"http://twitter.com/search?q=Trabajadores";"Trabajadores";"776688";"València"
"El Girona";"http://twitter.com/search?q=%22El+Girona%22";"%22El+Girona%22";"776688";"València"
"Waldo";"http://twitter.com/search?q=Waldo";"Waldo";"776688";"València"
"Pedro Sánchez y Albert Rivera";"http://twitter.com/search?q=%22Pedro+S%C3%A1nchez+y+Albert+Rivera%22";"%22Pedro+S%C3%A1nchez+y+Albert+Rivera%22";"776688";"València"
"Aleñá";"http://twitter.com/search?q=Ale%C3%B1%C3%A1";"Ale%C3%B1%C3%A1";"776688";"València"
"Otra F4";"http://twitter.com/search?q=%22Otra+F4%22";"%22Otra+F4%22";"776688";"València"
"Alfonso Rojo";"http://twitter.com/search?q=%22Alfonso+Rojo%22";"%22Alfonso+Rojo%22";"776688";"València"
"#FamaABailar23A";"http://twitter.com/search?q=%23FamaABailar23A";"%23FamaABailar23A";"776688";"València"
"#firstdates3años2";"http://twitter.com/search?q=%23firstdates3a%C3%B1os2";"%23firstdates3a%C3%B1os2";"776688";"València"
"#RealValladolidGirona";"http://twitter.com/search?q=%23RealValladolidGirona";"%23RealValladolidGirona";"776688";"València"
"#VenACenar320";"http://twitter.com/search?q=%23VenACenar320";"%23VenACenar320";"776688";"València"
"#VamosAGanar";"http://twitter.com/search?q=%23VamosAGanar";"%23VamosAGanar";"776688";"València"
"#chupito";"http://twitter.com/search?q=%23chupito";"%23chupito";"776688";"València"
"#unidaspodemossevilla";"http://twitter.com/search?q=%23unidaspodemossevilla";"%23unidaspodemossevilla";"776688";"València"
"#F4Glory";"http://twitter.com/search?q=%23F4Glory";"%23F4Glory";"776688";"València"
"#EuroleaguePlayoffs";"http://twitter.com/search?q=%23EuroleaguePlayoffs";"%23EuroleaguePlayoffs";"776688";"València"
"#ElDebateDecisivo";"http://twitter.com/search?q=%23ElDebateDecisivo";"%23ElDebateDecisivo";"753692";"Barcelona"
"#CachitosNúmeros1";"http://twitter.com/search?q=%23CachitosN%C3%BAmeros1";"%23CachitosN%C3%BAmeros1";"753692";"Barcelona"
"#CasadoPresidente";"http://twitter.com/search?q=%23CasadoPresidente";"%23CasadoPresidente";"753692";"Barcelona"
"Ana Pastor";"http://twitter.com/search?q=%22Ana+Pastor%22";"%22Ana+Pastor%22";"753692";"Barcelona"
"Final Four";"http://twitter.com/search?q=%22Final+Four%22";"%22Final+Four%22";"753692";"Barcelona"
"Rivera y Sánchez";"http://twitter.com/search?q=%22Rivera+y+S%C3%A1nchez%22";"%22Rivera+y+S%C3%A1nchez%22";"753692";"Barcelona"
"Sánchez y Rivera";"http://twitter.com/search?q=%22S%C3%A1nchez+y+Rivera%22";"%22S%C3%A1nchez+y+Rivera%22";"753692";"Barcelona"
"Laso";"http://twitter.com/search?q=Laso";"Laso";"753692";"Barcelona"
"facu";"http://twitter.com/search?q=facu";"facu";"753692";"Barcelona"
"Chimy Ávila";"http://twitter.com/search?q=%22Chimy+%C3%81vila%22";"%22Chimy+%C3%81vila%22";"753692";"Barcelona"
"Campazzo";"http://twitter.com/search?q=Campazzo";"Campazzo";"753692";"Barcelona"
"Las Rozas";"http://twitter.com/search?q=%22Las+Rozas%22";"%22Las+Rozas%22";"753692";"Barcelona"
"Ayón";"http://twitter.com/search?q=Ay%C3%B3n";"Ay%C3%B3n";"753692";"Barcelona"
"Míchel";"http://twitter.com/search?q=M%C3%ADchel";"M%C3%ADchel";"753692";"Barcelona"
"Noelia Vera";"http://twitter.com/search?q=%22Noelia+Vera%22";"%22Noelia+Vera%22";"753692";"Barcelona"
"Enric Gallego";"http://twitter.com/search?q=%22Enric+Gallego%22";"%22Enric+Gallego%22";"753692";"Barcelona"
"Taxi";"http://twitter.com/search?q=Taxi";"Taxi";"753692";"Barcelona"
"Llull";"http://twitter.com/search?q=Llull";"Llull";"753692";"Barcelona"
"Salió Venezuela";"http://twitter.com/search?q=%22Sali%C3%B3+Venezuela%22";"%22Sali%C3%B3+Venezuela%22";"753692";"Barcelona"
"Shane Long";"http://twitter.com/search?q=%22Shane+Long%22";"%22Shane+Long%22";"753692";"Barcelona"
"Rivera a Iglesias";"http://twitter.com/search?q=%22Rivera+a+Iglesias%22";"%22Rivera+a+Iglesias%22";"753692";"Barcelona"
"Nico Rodríguez";"http://twitter.com/search?q=%22Nico+Rodr%C3%ADguez%22";"%22Nico+Rodr%C3%ADguez%22";"753692";"Barcelona"
"Gol del Valladolid";"http://twitter.com/search?q=%22Gol+del+Valladolid%22";"%22Gol+del+Valladolid%22";"753692";"Barcelona"
"Trabajadores";"http://twitter.com/search?q=Trabajadores";"Trabajadores";"753692";"Barcelona"
"El Girona";"http://twitter.com/search?q=%22El+Girona%22";"%22El+Girona%22";"753692";"Barcelona"
"Waldo";"http://twitter.com/search?q=Waldo";"Waldo";"753692";"Barcelona"
"Otra F4";"http://twitter.com/search?q=%22Otra+F4%22";"%22Otra+F4%22";"753692";"Barcelona"
"Alfonso Rojo";"http://twitter.com/search?q=%22Alfonso+Rojo%22";"%22Alfonso+Rojo%22";"753692";"Barcelona"
"Calathes";"http://twitter.com/search?q=Calathes";"Calathes";"753692";"Barcelona"
"Undécima";"http://twitter.com/search?q=Und%C3%A9cima";"Und%C3%A9cima";"753692";"Barcelona"
"#FamaABailar23A";"http://twitter.com/search?q=%23FamaABailar23A";"%23FamaABailar23A";"753692";"Barcelona"
"#FirstDates3Años2";"http://twitter.com/search?q=%23FirstDates3A%C3%B1os2";"%23FirstDates3A%C3%B1os2";"753692";"Barcelona"
"#AlavésBarça";"http://twitter.com/search?q=%23Alav%C3%A9sBar%C3%A7a";"%23Alav%C3%A9sBar%C3%A7a";"753692";"Barcelona"
"#RealValladolidGirona";"http://twitter.com/search?q=%23RealValladolidGirona";"%23RealValladolidGirona";"753692";"Barcelona"
"#VenACenar320";"http://twitter.com/search?q=%23VenACenar320";"%23VenACenar320";"753692";"Barcelona"
"#VamosAGanar";"http://twitter.com/search?q=%23VamosAGanar";"%23VamosAGanar";"753692";"Barcelona"
"#chupito";"http://twitter.com/search?q=%23chupito";"%23chupito";"753692";"Barcelona"
"#unidaspodemossevilla";"http://twitter.com/search?q=%23unidaspodemossevilla";"%23unidaspodemossevilla";"753692";"Barcelona"
"#F4Glory";"http://twitter.com/search?q=%23F4Glory";"%23F4Glory";"753692";"Barcelona"
"#EuroleaguePlayoffs";"http://twitter.com/search?q=%23EuroleaguePlayoffs";"%23EuroleaguePlayoffs";"753692";"Barcelona"
"Constitución";"http://twitter.com/search?q=Constituci%C3%B3n";"Constituci%C3%B3n";"766273";"Madrid"
"#CachitosNúmeros1";"http://twitter.com/search?q=%23CachitosN%C3%BAmeros1";"%23CachitosN%C3%BAmeros1";"766273";"Madrid"
"Ana Pastor";"http://twitter.com/search?q=%22Ana+Pastor%22";"%22Ana+Pastor%22";"766273";"Madrid"
"Final Four";"http://twitter.com/search?q=%22Final+Four%22";"%22Final+Four%22";"766273";"Madrid"
"Laso";"http://twitter.com/search?q=Laso";"Laso";"766273";"Madrid"
"facu";"http://twitter.com/search?q=facu";"facu";"766273";"Madrid"
"Chimy Ávila";"http://twitter.com/search?q=%22Chimy+%C3%81vila%22";"%22Chimy+%C3%81vila%22";"766273";"Madrid"
"Campazzo";"http://twitter.com/search?q=Campazzo";"Campazzo";"766273";"Madrid"
"Las Rozas";"http://twitter.com/search?q=%22Las+Rozas%22";"%22Las+Rozas%22";"766273";"Madrid"
"Ayón";"http://twitter.com/search?q=Ay%C3%B3n";"Ay%C3%B3n";"766273";"Madrid"
"Míchel";"http://twitter.com/search?q=M%C3%ADchel";"M%C3%ADchel";"766273";"Madrid"
"Noelia Vera";"http://twitter.com/search?q=%22Noelia+Vera%22";"%22Noelia+Vera%22";"766273";"Madrid"
"Enric Gallego";"http://twitter.com/search?q=%22Enric+Gallego%22";"%22Enric+Gallego%22";"766273";"Madrid"
"El Huesca";"http://twitter.com/search?q=%22El+Huesca%22";"%22El+Huesca%22";"766273";"Madrid"
"Taxi";"http://twitter.com/search?q=Taxi";"Taxi";"766273";"Madrid"
"Llull";"http://twitter.com/search?q=Llull";"Llull";"766273";"Madrid"
"Salió Venezuela";"http://twitter.com/search?q=%22Sali%C3%B3+Venezuela%22";"%22Sali%C3%B3+Venezuela%22";"766273";"Madrid"
"Shane Long";"http://twitter.com/search?q=%22Shane+Long%22";"%22Shane+Long%22";"766273";"Madrid"
"Nico Rodríguez";"http://twitter.com/search?q=%22Nico+Rodr%C3%ADguez%22";"%22Nico+Rodr%C3%ADguez%22";"766273";"Madrid"
"Gol del Valladolid";"http://twitter.com/search?q=%22Gol+del+Valladolid%22";"%22Gol+del+Valladolid%22";"766273";"Madrid"
"Trabajadores";"http://twitter.com/search?q=Trabajadores";"Trabajadores";"766273";"Madrid"
"El Girona";"http://twitter.com/search?q=%22El+Girona%22";"%22El+Girona%22";"766273";"Madrid"
"Waldo";"http://twitter.com/search?q=Waldo";"Waldo";"766273";"Madrid"
"Aleñá";"http://twitter.com/search?q=Ale%C3%B1%C3%A1";"Ale%C3%B1%C3%A1";"766273";"Madrid"
"Otra F4";"http://twitter.com/search?q=%22Otra+F4%22";"%22Otra+F4%22";"766273";"Madrid"
"#FamaABailar23A";"http://twitter.com/search?q=%23FamaABailar23A";"%23FamaABailar23A";"766273";"Madrid"
"#firstdates3años2";"http://twitter.com/search?q=%23firstdates3a%C3%B1os2";"%23firstdates3a%C3%B1os2";"766273";"Madrid"
"#AlavésBarça";"http://twitter.com/search?q=%23Alav%C3%A9sBar%C3%A7a";"%23Alav%C3%A9sBar%C3%A7a";"766273";"Madrid"
"#RealValladolidGirona";"http://twitter.com/search?q=%23RealValladolidGirona";"%23RealValladolidGirona";"766273";"Madrid"
"#VenACenar320";"http://twitter.com/search?q=%23VenACenar320";"%23VenACenar320";"766273";"Madrid"
"#VamosAGanar";"http://twitter.com/search?q=%23VamosAGanar";"%23VamosAGanar";"766273";"Madrid"
"#chupito";"http://twitter.com/search?q=%23chupito";"%23chupito";"766273";"Madrid"
"#unidaspodemossevilla";"http://twitter.com/search?q=%23unidaspodemossevilla";"%23unidaspodemossevilla";"766273";"Madrid"
"#F4Glory";"http://twitter.com/search?q=%23F4Glory";"%23F4Glory";"766273";"Madrid"
