"Name";"Population";"Province";"AutonomousCommunity";"Urls";"Latitude";"Longitude"
"Madrid";"3223334";"Madrid";"Comunidad de Madrid Comunidad de Madrid";"/wiki/Madrid";"40.418888888889";"-3.6919444444444"
"Barcelona";"1620343";"Barcelona";"Cataluña Cataluña";"/wiki/Barcelona";"41.3825";"2.1769444444444"
"Valencia";"791413";"Valencia";"Comunidad Valenciana Comunidad Valenciana";"/wiki/Valencia";"39.466666666667";"-0.375"
"Sevilla";"688711";"Sevilla";"Andalucía Andalucía";"/wiki/Sevilla";"37.383333333333";"-5.9833333333333"
"Zaragoza";"666880";"Zaragoza";"Aragón Aragón";"/wiki/Zaragoza";"41.65";"-0.88333333333333"
"Málaga";"571026";"Málaga";"Andalucía Andalucía";"/wiki/M%C3%A1laga";"36.716666666667";"-4.4166666666667"
"Murcia";"447182";"Murcia";"Región de Murcia Región de Murcia";"/wiki/Murcia";"37.986111111111";"-1.1302777777778"
"Palma de Mallorca";"409661";"Islas Baleares";"Islas Baleares Islas Baleares";"/wiki/Palma_de_Mallorca";"39.566666666667";"2.6497222222222"
"Las Palmas de Gran Canaria";"378517";"Las Palmas";"Canarias Canarias";"/wiki/Las_Palmas_de_Gran_Canaria";"28.127222222222";"-15.431388888889"
"Bilbao";"345821";"Vizcaya";"País Vasco País Vasco";"/wiki/Bilbao";"43.262222222222";"-2.9533333333333"
"Alicante";"331577";"Alicante";"Comunidad Valenciana Comunidad Valenciana";"/wiki/Alicante";"38.345277777778";"-0.48305555555556"
"Córdoba";"325708";"Córdoba";"Andalucía Andalucía";"/wiki/C%C3%B3rdoba_(Espa%C3%B1a)";"37.883333333333";"-4.7666666666667"
"Valladolid";"298866";"Valladolid";"Castilla y León Castilla y León";"/wiki/Valladolid";"41.651980555556";"-4.7285611111111"
"Vigo";"293642";"Pontevedra";"Galicia Galicia";"/wiki/Vigo";"42.235833333333";"-8.7266666666667"
"Gijón";"271843";"Asturias";"Principado de Asturias Principado de Asturias";"/wiki/Gij%C3%B3n";"43.533333333333";"-5.7"
"Hospitalet de Llobregat";"261068";"Barcelona";"Cataluña Cataluña";"/wiki/Hospitalet_de_Llobregat";"41.358888888889";"2.0991666666667"
"Vitoria";"249176";"Álava";"País Vasco País Vasco";"/wiki/Vitoria";"42.846666666667";"-2.6730555555556"
"La Coruña";"244850";"La Coruña";"Galicia Galicia";"/wiki/La_Coru%C3%B1a";"43.366666666667";"-8.3833333333333"
"Granada";"232208";"Granada";"Andalucía Andalucía";"/wiki/Granada";"37.178055555556";"-3.6008333333333"
"Elche";"230625";"Alicante";"Comunidad Valenciana Comunidad Valenciana";"/wiki/Elche";"38.266944444444";"-0.69833333333333"
"Oviedo";"220020";"Asturias";"Principado de Asturias Principado de Asturias";"/wiki/Oviedo";"43.3625";"-5.8502777777778"
"Tarrasa";"218535";"Barcelona";"Cataluña Cataluña";"/wiki/Tarrasa";"41.561111111111";"2.0080555555556"
"Badalona";"217741";"Barcelona";"Cataluña Cataluña";"/wiki/Badalona";"41.433333333333";"2.2333333333333"
"Cartagena";"213943";"Murcia";"Región de Murcia Región de Murcia";"/wiki/Cartagena_(Espa%C3%B1a)";"37.6";"-0.98194444444444"
"Jerez de la Frontera";"212879";"Cádiz";"Andalucía Andalucía";"/wiki/Jerez_de_la_Frontera";"36.7";"-6.1166666666667"
"Sabadell";"211734";"Barcelona";"Cataluña Cataluña";"/wiki/Sabadell";"41.548333333333";"2.1075"
"Móstoles";"207095";"Madrid";"Comunidad de Madrid Comunidad de Madrid";"/wiki/M%C3%B3stoles";"40.333333333333";"-3.8666666666667"
"Santa Cruz de Tenerife";"204856";"Santa Cruz de Tenerife";"Canarias Canarias";"/wiki/Santa_Cruz_de_Tenerife";"28.466666666667";"-16.25"
"Pamplona";"199066";"Navarra";"Navarra Navarra";"/wiki/Pamplona";"42.816666666667";"-1.65"
"Almería";"196851";"Almería";"Andalucía Andalucía";"/wiki/Almer%C3%ADa";"36.833333333333";"-2.45"
"Alcalá de Henares";"193751";"Madrid";"Comunidad de Madrid Comunidad de Madrid";"/wiki/Alcal%C3%A1_de_Henares";"40.481815";"-3.364305"
"Fuenlabrada";"193586";"Madrid";"Comunidad de Madrid Comunidad de Madrid";"/wiki/Fuenlabrada";"40.283333333333";"-3.8"
"Leganés";"188425";"Madrid";"Comunidad de Madrid Comunidad de Madrid";"/wiki/Legan%C3%A9s";"40.32825";"-3.7654027777778"
"San Sebastián";"186665";"Guipúzcoa";"País Vasco País Vasco";"/wiki/San_Sebasti%C3%A1n";"43.32";"-1.98"
"Getafe";"180747";"Madrid";"Comunidad de Madrid Comunidad de Madrid";"/wiki/Getafe";"40.3";"-3.7166666666667"
"Burgos";"175921";"Burgos";"Castilla y León Castilla y León";"/wiki/Burgos";"42.340833333333";"-3.6997222222222"
"Albacete";"173050";"Albacete";"Castilla-La Mancha Castilla-La Mancha";"/wiki/Albacete";"38.995555555556";"-1.8558333333333"
"Santander";"172044";"Cantabria";"Cantabria Cantabria";"/wiki/Santander_(Espa%C3%B1a)";"43.466666666667";"-3.8"
"Castellón de la Plana";"170888";"Castellón";"Comunidad Valenciana Comunidad Valenciana";"/wiki/Castell%C3%B3n_de_la_Plana";"39.97";"-0.05"
"Alcorcón";"169502";"Madrid";"Comunidad de Madrid Comunidad de Madrid";"/wiki/Alcorc%C3%B3n";"40.35";"-3.8333333333333"
"San Cristóbal de La Laguna";"155549";"Santa Cruz de Tenerife";"Canarias Canarias";"/wiki/San_Crist%C3%B3bal_de_La_Laguna";"28.48";"-16.32"
"Logroño";"151113";"La Rioja";"La Rioja";"/wiki/Logro%C3%B1o";"42.47";"-2.4455555555556"
"Badajoz";"150530";"Badajoz";"Extremadura Extremadura";"/wiki/Badajoz";"38.880277777778";"-6.9752777777778"
"Huelva";"144258";"Huelva";"Andalucía Andalucía";"/wiki/Huelva";"37.25";"-6.95"
"Salamanca";"143978";"Salamanca";"Castilla y León Castilla y León";"/wiki/Salamanca";"40.965";"-5.6638888888889"
"Marbella";"141463";"Málaga";"Andalucía Andalucía";"/wiki/Marbella";"36.511363888889";"-4.8834416666667"
"Lérida";"137856";"Lérida";"Cataluña Cataluña";"/wiki/L%C3%A9rida";"41.616666666667";"0.63333333333333"
"Dos Hermanas";"133168";"Sevilla";"Andalucía Andalucía";"/wiki/Dos_Hermanas";"37.283611111111";"-5.9222222222222"
"Tarragona";"132299";"Tarragona";"Cataluña Cataluña";"/wiki/Tarragona";"41.11868";"1.24532"
"Torrejón de Ardoz";"129729";"Madrid";"Comunidad de Madrid Comunidad de Madrid";"/wiki/Torrej%C3%B3n_de_Ardoz";"40.45";"-3.4830555555556"
"Parla";"128256";"Madrid";"Comunidad de Madrid Comunidad de Madrid";"/wiki/Parla";"40.237222222222";"-3.7741666666667"
"Mataró";"126988";"Barcelona";"Cataluña Cataluña";"/wiki/Matar%C3%B3";"41.533333333333";"2.45"
"León";"124772";"León";"Castilla y León Castilla y León";"/wiki/Le%C3%B3n_(Espa%C3%B1a)";"42.598888888889";"-5.5669444444444"
"Algeciras";"121414";"Cádiz";"Andalucía Andalucía";"/wiki/Algeciras";"36.1275";"-5.4538888888889"
"Santa Coloma de Gramanet";"118821";"Barcelona";"Cataluña Cataluña";"/wiki/Santa_Coloma_de_Gramanet";"41.453888888889";"2.2111111111111"
"Cádiz";"116979";"Cádiz";"Andalucía Andalucía";"/wiki/C%C3%A1diz";"36.516666666667";"-6.2833333333333"
"Alcobendas";"116037";"Madrid";"Comunidad de Madrid Comunidad de Madrid";"/wiki/Alcobendas";"40.533333333333";"-3.6333333333333"
"Jaén";"113457";"Jaén";"Andalucía Andalucía";"/wiki/Ja%C3%A9n";"37.769722222222";"-3.7888888888889"
"Orense";"105505";"Orense";"Galicia Galicia";"/wiki/Orense";"42.336388888889";"-7.8633333333333"
"Reus";"103477";"Tarragona";"Cataluña Cataluña";"/wiki/Reus";"41.15487";"1.10871"
"Telde";"102424";"Las Palmas";"Canarias Canarias";"/wiki/Telde";"27.9984538";"-15.4166761"
"Baracaldo";"100435";"Vizcaya";"País Vasco País Vasco";"/wiki/Baracaldo";"43.297222222222";"-2.9916666666667"
"Gerona";"100266";"Gerona";"Cataluña Cataluña";"/wiki/Gerona";"41.983333333333";"2.8166666666667"
"Lugo";"98025";"Lugo";"Galicia Galicia";"/wiki/Lugo";"43.011666666667";"-7.5572222222222"
"Santiago de Compostela";"96405";"La Coruña";"Galicia Galicia";"/wiki/Santiago_de_Compostela";"42.883333333333";"-8.5333333333333"
"Cáceres";"96068";"Cáceres";"Extremadura Extremadura";"/wiki/C%C3%A1ceres";"39.473055555556";"-6.3711111111111"
"Las Rozas de Madrid";"95550";"Madrid";"Comunidad de Madrid Comunidad de Madrid";"/wiki/Las_Rozas_de_Madrid";"40.491666666667";"-3.8733333333333"
"San Fernando";"95174";"Cádiz";"Andalucía Andalucía";"/wiki/San_Fernando_(C%C3%A1diz)";"36.4666072";"-6.2009666"
"Roquetas de Mar";"94925";"Almería";"Andalucía Andalucía";"/wiki/Roquetas_de_Mar";"36.781388888889";"-2.6147222222222"
"Lorca";"93079";"Murcia";"Murcia Murcia";"/wiki/Lorca";"37.683333333333";"-1.7"
"San Cugat del Vallés";"90664";"Barcelona";"Cataluña Cataluña";"/wiki/San_Cugat_del_Vall%C3%A9s";"41.473538";"2.085244"
"El Puerto de Santa María";"88364";"Cádiz";"Andalucía Andalucía";"/wiki/El_Puerto_de_Santa_Mar%C3%ADa";"36.601468";"-6.2381494"
"San Sebastián de los Reyes";"87724";"Madrid";"Comunidad de Madrid Comunidad de Madrid";"/wiki/San_Sebasti%C3%A1n_de_los_Reyes";"40.546944444444";"-3.6258333333333"
"Cornellá de Llobregat";"87173";"Barcelona";"Cataluña Cataluña";"/wiki/Cornell%C3%A1_de_Llobregat";"41.355";"2.0711111111111"
"Melilla";"86384";"Melilla";"Melilla Melilla";"/wiki/Melilla";"35.2825";"-2.9475"
"Pozuelo de Alarcón";"86172";"Madrid";"Comunidad de Madrid Comunidad de Madrid";"/wiki/Pozuelo_de_Alarc%C3%B3n";"40.440833333333";"-3.8147222222222"
"Rivas-Vaciamadrid";"85893";"Madrid";"Comunidad de Madrid Comunidad de Madrid";"/wiki/Rivas-Vaciamadrid";"40.339444444444";"-3.5180555555556"
"Ceuta";"85144";"Ceuta";"Ceuta Ceuta";"/wiki/Ceuta";"35.886667";"-5.3"
"Guadalajara";"84910";"Guadalajara";"Castilla-La Mancha Castilla-La Mancha";"/wiki/Guadalajara_(Espa%C3%B1a)";"40.633333333333";"-3.1666666666667"
"El Ejido";"84710";"Almería";"Andalucía Andalucía";"/wiki/El_Ejido_(Almer%C3%ADa)";"36.783055555556";"-2.8166666666667"
"Toledo";"84282";"Toledo";"Castilla-La Mancha Castilla-La Mancha";"/wiki/Toledo";"39.866666666667";"-4.0333333333333"
"Chiclana de la Frontera";"83831";"Cádiz";"Andalucía Andalucía";"/wiki/Chiclana_de_la_Frontera";"36.416666666667";"-6.15"
"Talavera de la Reina";"83009";"Toledo";"Castilla-La Mancha Castilla-La Mancha";"/wiki/Talavera_de_la_Reina";"39.966666666667";"-4.8333333333333"
"San Baudilio de Llobregat";"82904";"Barcelona";"Cataluña Cataluña";"/wiki/San_Baudilio_de_Llobregat";"41.345833333333";"2.0416666666667"
"Pontevedra";"82802";"Pontevedra";"Galicia Galicia";"/wiki/Pontevedra";"42.433611111111";"-8.6475"
"Torrevieja";"82599";"Alicante";"Comunidad Valenciana Comunidad Valenciana";"/wiki/Torrevieja";"37.977777777778";"-0.68333333333333"
"Coslada";"81860";"Madrid";"Comunidad de Madrid Comunidad de Madrid";"/wiki/Coslada";"40.426111111111";"-3.565"
"Torrente";"81245";"Valencia";"Comunidad Valenciana Comunidad Valenciana";"/wiki/Torrente_(Valencia)";"39.4365348";"-0.4679001"
"Vélez-Málaga";"80817";"Málaga";"Andalucía Andalucía";"/wiki/V%C3%A9lez-M%C3%A1laga";"36.7821366";"-4.0992542"
"Mijas";"80630";"Málaga";"Andalucía Andalucía";"/wiki/Mijas";"36.595555555556";"-4.6372222222222"
"Arona";"79448";"Santa Cruz de Tenerife";"Canarias Canarias";"/wiki/Arona";"28.0996248";"-16.6809103"
"Avilés";"78715";"Asturias";"Principado de Asturias Principado de Asturias";"/wiki/Avil%C3%A9s";"43.556111111111";"-5.9222222222222"
"Palencia";"78629";"Palencia";"Castilla y León Castilla y León";"/wiki/Palencia";"42.016666666667";"-4.5333333333333"
"Guecho";"78276";"Vizcaya";"País Vasco País Vasco";"/wiki/Guecho";"43.344166666667";"-3.0063888888889"
"Orihuela";"76778";"Alicante";"Comunidad Valenciana Comunidad Valenciana";"/wiki/Orihuela";"38.085555555556";"-0.94694444444444"
"Rubí";"76423";"Barcelona";"Cataluña Cataluña";"/wiki/Rub%C3%AD_(Barcelona)";"41.493333333333";"2.0325"
"Manresa";"76250";"Barcelona";"Cataluña Cataluña";"/wiki/Manresa";"41.726388888889";"1.8291666666667"
"Fuengirola";"75396";"Málaga";"Andalucía Andalucía";"/wiki/Fuengirola";"36.541666666667";"-4.625"
"Alcalá de Guadaíra";"75256";"Sevilla";"Andalucía Andalucía";"/wiki/Alcal%C3%A1_de_Guada%C3%ADra";"37.333333333333";"-5.85"
"Valdemoro";"74745";"Comunidad de Madrid";"Comunidad de Madrid Comunidad de Madrid";"/wiki/Valdemoro";"40.190833333333";"-3.6741666666667"
"Ciudad Real";"74743";"Ciudad Real";"Castilla-La Mancha Castilla-La Mancha";"/wiki/Ciudad_Real";"38.983333333333";"-3.9166666666667"
"Gandía";"73829";"Valencia";"Comunidad Valenciana Comunidad Valenciana";"/wiki/Gand%C3%ADa";"38.966666666667";"-0.18222222222222"
"Santa Lucía de Tirajana";"71863";"Las Palmas";"Canarias Canarias";"/wiki/Santa_Luc%C3%ADa_de_Tirajana";"27.9120932";"-15.5406889"
"Majadahonda";"71785";"Madrid";"Comunidad de Madrid Comunidad de Madrid";"/wiki/Majadahonda";"40.472777777778";"-3.8722222222222"
"Molina de Segura";"70964";"Murcia";"Murcia Murcia";"/wiki/Molina_de_Segura";"38.054766666667";"-1.2131111111111"
"Paterna";"69156";"Valencia";"Comunidad Valenciana Comunidad Valenciana";"/wiki/Paterna";"39.502777777778";"-0.44055555555556"
"Torremolinos";"68262";"Málaga";"Andalucía Andalucía";"/wiki/Torremolinos";"36.624537";"-4.4996349"
"Sanlúcar de Barrameda";"68037";"Cádiz";"Andalucía Andalucía";"/wiki/Sanl%C3%BAcar_de_Barrameda";"36.778888888889";"-6.3538888888889"
"Benalmádena";"67746";"Málaga";"Andalucía Andalucía";"/wiki/Benalm%C3%A1dena";"36.5968975";"-4.55350231173"
"Benidorm";"67558";"Alicante";"Comunidad Valenciana Comunidad Valenciana";"/wiki/Benidorm";"38.534166666667";"-0.13138888888889"
"Estepona";"67012";"Málaga";"Andalucía Andalucía";"/wiki/Estepona";"36.433055555556";"-5.1330555555556"
"Ferrol";"66799";"La Coruña";"Galicia Galicia";"/wiki/Ferrol";"43.466666666667";"-8.25"
"Casteldefels";"66375";"Barcelona";"Cataluña Cataluña";"/wiki/Casteldefels";"41.28";"1.9766666666667"
"Villanueva y Geltrú";"66274";"Barcelona";"Cataluña Cataluña";"/wiki/Villanueva_y_Geltr%C3%BA";"41.224277";"1.725905"
"Viladecans";"66168";"Barcelona";"Cataluña Cataluña";"/wiki/Viladecans";"41.315833333333";"2.0194444444444"
"Sagunto";"65669";"Valencia";"Comunidad Valenciana Comunidad Valenciana";"/wiki/Sagunto";"39.676388888889";"-0.27333333333333"
"Ponferrada";"65239";"León";"Castilla y León Castilla y León";"/wiki/Ponferrada";"42.546111111111";"-6.5908333333333"
"El Prat de Llobregat";"64132";"Barcelona";"Cataluña Cataluña";"/wiki/El_Prat_de_Llobregat";"41.3246333";"2.0952568"
"Collado Villalba";"63074";"Madrid";"Comunidad de Madrid Comunidad de Madrid";"/wiki/Collado_Villalba";"40.645277777778";"-3.9913888888889"
"La Línea de la Concepción";"62940";"Cádiz";"Andalucía Andalucía";"/wiki/La_L%C3%ADnea_de_la_Concepci%C3%B3n";"36.161111111111";"-5.3486111111111"
"Irún";"61983";"Guipúzcoa";"País Vasco País Vasco";"/wiki/Ir%C3%BAn";"43.337806";"-1.788806"
"Zamora";"61827";"Zamora";"Castilla y León Castilla y León";"/wiki/Zamora";"41.498888888889";"-5.7555555555556"
"Arrecife";"61351";"Las Palmas";"Canarias Canarias";"/wiki/Arrecife_(Espa%C3%B1a)";"28.9625";"-13.550555555556"
"Granollers";"60981";"Barcelona";"Cataluña Cataluña";"/wiki/Granollers";"41.608333";"2.288889"
"Motril";"60592";"Granada";"Andalucía Andalucía";"/wiki/Motril";"36.745277777778";"-3.5205555555556"
"Mérida";"59352";"Badajoz";"Extremadura Extremadura";"/wiki/M%C3%A9rida_(Espa%C3%B1a)";"38.915833333333";"-6.3333333333333"
"Aranjuez";"59037";"Madrid";"Comunidad de Madrid Comunidad de Madrid";"/wiki/Aranjuez";"40.033333333333";"-3.6027777777778"
"Alcoy";"58977";"Alicante";"Comunidad Valenciana Comunidad Valenciana";"/wiki/Alcoy";"38.698333333333";"-0.47361111111111"
"Linares";"57811";"Jaén";"Andalucía Andalucía";"/wiki/Linares_(Ja%C3%A9n)";"38.1";"-3.633333"
"San Vicente del Raspeig";"57785";"Alicante";"Comunidad Valenciana Comunidad Valenciana";"/wiki/San_Vicente_del_Raspeig";"38.396388888889";"-0.52527777777778"
"Sardañola del Vallés";"57740";"Barcelona";"Cataluña Cataluña";"/wiki/Sarda%C3%B1ola_del_Vall%C3%A9s";"41.491944444444";"2.1388888888889"
"Ávila";"57657";"Ávila";"Castilla y León Castilla y León";"/wiki/%C3%81vila";"40.654347222222";"-4.6962222222222"
"Cuenca";"54898";"Cuenca";"Castilla-La Mancha Castilla-La Mancha";"/wiki/Cuenca_(Espa%C3%B1a)";"40.071666666667";"-2.135"
"Arganda del Rey";"54554";"Comunidad de Madrid";"Comunidad de Madrid Comunidad de Madrid";"/wiki/Arganda_del_Rey";"40.299444444444";"-3.4408333333333"
"San Bartolomé de Tirajana";"53588";"Las Palmas";"Canarias Canarias";"/wiki/San_Bartolom%C3%A9_de_Tirajana";"27.9254273";"-15.5725797"
"Boadilla del Monte";"52626";"Comunidad de Madrid";"Comunidad de Madrid Comunidad de Madrid";"/wiki/Boadilla_del_Monte";"40.406944444444";"-3.875"
"Utrera";"52617";"Sevilla";"Andalucía Andalucía";"/wiki/Utrera";"37.1824646";"-5.7817506"
"Huesca";"52463";"Huesca";"Aragón Aragón";"/wiki/Huesca";"42.1401";"-0.40889722222222"
"Elda";"52404";"Alicante";"Comunidad Valenciana Comunidad Valenciana";"/wiki/Elda";"38.473055555556";"-0.7975"
"Torrelavega";"51687";"Cantabria";"Cantabria Cantabria";"/wiki/Torrelavega";"43.353055555556";"-4.0458333333333"
"Segovia";"51683";"Segovia";"Castilla y León Castilla y León";"/wiki/Segovia";"40.95";"-4.1166666666667"
"Siero";"51662";"Asturias";"Principado de Asturias Principado de Asturias";"/wiki/Siero";"43.3940446";"-5.63454297088"
"Pinto";"51541";"Comunidad de Madrid";"Comunidad de Madrid Comunidad de Madrid";"/wiki/Pinto_(Madrid)";"40.241111111111";"-3.6994444444444"
"Mollet del Vallés";"51133";"Barcelona";"Cataluña Cataluña";"/wiki/Mollet_del_Vall%C3%A9s";"41.535572";"2.210705"
"Villarreal";"50577";"Castellón";"Comunidad Valenciana Comunidad Valenciana";"/wiki/Villarreal";"39.937777777778";"-0.10138888888889"
"Ibiza";"49549";"Islas Baleares";"Islas Baleares Islas Baleares";"/wiki/Ibiza_(ciudad)";"38.908888888889";"1.4327777777778"
"Puertollano";"49166";"Ciudad Real";"Castilla-La Mancha Castilla-La Mancha";"/wiki/Puertollano";"38.6852167";"-4.111178"
"Calviá";"49063";"Islas Baleares";"Islas Baleares Islas Baleares";"/wiki/Calvi%C3%A1";"39.566667";"2.516667"
"Colmenar Viejo";"48020";"Madrid";"Comunidad de Madrid Comunidad de Madrid";"/wiki/Colmenar_Viejo";"40.6587901";"-3.7663207"
"Adeje";"47316";"Santa Cruz de Tenerife";"Canarias Canarias";"/wiki/Adeje";"28.116666666667";"-16.716666666667"
"Portugalete";"46375";"Vizcaya";"País Vasco País Vasco";"/wiki/Portugalete";"43.319444";"-3.019583"
"Gavá";"46266";"Barcelona";"Cataluña Cataluña";"/wiki/Gav%C3%A1";"41.307222222222";"2.0038888888889"
"Santurce";"46043";"Vizcaya";"País Vasco País Vasco";"/wiki/Santurce_(Espa%C3%B1a)";"43.330277777778";"-3.0313888888889"
"Esplugas de Llobregat";"45733";"Barcelona";"Cataluña Cataluña";"/wiki/Esplugas_de_Llobregat";"41.376666666667";"2.0858333333333"
"Figueras";"45726";"Gerona";"Cataluña Cataluña";"/wiki/Figueras_(Gerona)";"42.266666666667";"2.95"
"Granadilla de Abona";"45332";"Santa Cruz de Tenerife";"Canarias Canarias";"/wiki/Granadilla_de_Abona";"28.116667";"-16.583333"
"Mairena del Aljarafe";"45040";"Sevilla";"Andalucía Andalucía";"/wiki/Mairena_del_Aljarafe";"37.344444444444";"-6.0652777777778"
"Tres Cantos";"44764";"Madrid";"Comunidad de Madrid Comunidad de Madrid";"/wiki/Tres_Cantos";"40.6065832";"-3.7065364"
"Alcira";"44488";"Valencia";"Comunidad Valenciana Comunidad Valenciana";"/wiki/Alcira_(Valencia)";"39.15";"-0.435"
"San Feliú de Llobregat";"44086";"Barcelona";"Cataluña Cataluña";"/wiki/San_Feli%C3%BA_de_Llobregat";"41.383333333333";"2.0438888888889"
"Rincón de la Victoria";"44003";"Málaga";"Andalucía Andalucía";"/wiki/Rinc%C3%B3n_de_la_Victoria";"36.7162109";"-4.2793767"
"Vich";"43287";"Barcelona";"Cataluña Cataluña";"/wiki/Vich";"41.930379";"2.254575"
"Mislata";"42988";"Valencia";"Comunidad Valenciana Comunidad Valenciana";"/wiki/Mislata";"39.4747357";"-0.4160286"
"Lucena";"42615";"Córdoba";"Andalucía Andalucía";"/wiki/Lucena";"37.4091334";"-4.4860128"
"Puerto Real";"41467";"Cádiz";"Andalucía Andalucía";"/wiki/Puerto_Real";"36.529166666667";"-6.1919444444444"
"Denia";"41465";"Alicante";"Comunidad Valenciana Comunidad Valenciana";"/wiki/Denia";"38.840277777778";"0.10861111111111"
"La Orotava";"41294";"Santa Cruz de Tenerife";"Canarias";"/wiki/La_Orotava";"28.366667";"-16.516667"
"Langreo";"41199";"Asturias";"Principado de Asturias Principado de Asturias";"/wiki/Langreo";"43.3051437";"-5.6944472"
"Alcantarilla";"41155";"Murcia";"Murcia Murcia";"/wiki/Alcantarilla_(Espa%C3%B1a)";"37.972222222222";"-1.2094444444444"
"Antequera";"41065";"Málaga";"Andalucía Andalucía";"/wiki/Antequera";"37.0183652";"-4.5596649"
"Basauri";"40983";"Vizcaya";"País Vasco País Vasco";"/wiki/Basauri";"43.236666666667";"-2.89"
"Plasencia";"40663";"Cáceres";"Extremadura Extremadura";"/wiki/Plasencia_(C%C3%A1ceres)";"40.0275";"-6.0908333333333"
"Manacor";"40279";"Islas Baleares";"Islas Baleares Islas Baleares";"/wiki/Manacor";"39.57";"3.2088888888889"
"Écija";"40270";"Sevilla";"Andalucía Andalucía";"/wiki/%C3%89cija";"37.541111111111";"-5.0791666666667"
"San Fernando de Henares";"40095";"Madrid";"Comunidad de Madrid Comunidad de Madrid";"/wiki/San_Fernando_de_Henares";"40.425555555556";"-3.5352777777778"
"Mieres";"39505";"Asturias";"Principado de Asturias Principado de Asturias";"/wiki/Mieres";"43.25";"-5.7766666666667"
"Rentería";"39381";"Guipúzcoa";"País Vasco País Vasco";"/wiki/Renter%C3%ADa";"43.3125271";"-1.8986133"
"Villafranca del Panadés";"39365";"Barcelona";"Cataluña Cataluña";"/wiki/Villafranca_del_Panad%C3%A9s";"41.344722222222";"1.6994444444444"
"Soria";"39171";"Soria";"Castilla y León Castilla y León";"/wiki/Soria";"41.766666666667";"-2.4666666666667"
"Narón";"39280";"La Coruña";"Galicia Galicia";"/wiki/Nar%C3%B3n";"43.5010716";"-8.1925768"
"Blanes";"39060";"Gerona";"Cataluña Cataluña";"/wiki/Blanes";"41.676944444444";"2.7916666666667"
"Igualada";"38987";"Barcelona";"Cataluña Cataluña";"/wiki/Igualada";"41.581388888889";"1.6208333333333"
"Alhaurín de la Torre";"38794";"Málaga";"Andalucía Andalucía";"/wiki/Alhaur%C3%ADn_de_la_Torre";"36.661838";"-4.5649934"
"La Rinconada";"38277";"Sevilla";"Andalucía Andalucía";"/wiki/La_Rinconada_(Espa%C3%B1a)";"37.487777777778";"-5.9788888888889"
"Los Palacios y Villafranca";"38173";"Sevilla";"Andalucía Andalucía";"/wiki/Los_Palacios_y_Villafranca";"37.16";"-5.9236111111111"
"Puerto del Rosario";"38126";"Las Palmas";"Canarias Canarias";"/wiki/Puerto_del_Rosario";"28.5";"-13.866667"
"Andújar";"37975";"Jaén";"Andalucía Andalucía";"/wiki/And%C3%BAjar";"38.0392362";"-4.0505603"
"Ripollet";"37648";"Barcelona";"Cataluña Cataluña";"/wiki/Ripollet";"41.496514";"2.153427"
"Burjasot";"37324";"Valencia";"Comunidad Valenciana Comunidad Valenciana";"/wiki/Burjasot";"39.5090599";"-0.4108581"
"Arucas";"37299";"Las Palmas";"Canarias Canarias";"/wiki/Arucas";"28.1184492";"-15.5232237"
"Villagarcía de Arosa";"37283";"Pontevedra";"Galicia Galicia";"/wiki/Villagarc%C3%ADa_de_Arosa";"42.5950581";"-8.74306467245"
"Don Benito";"36924";"Badajoz";"Extremadura Extremadura";"/wiki/Don_Benito";"38.95";"-5.85"
"Lloret de Mar";"36878";"Gerona";"Cataluña Cataluña";"/wiki/Lloret_de_Mar";"41.7";"2.833333"
"Tomelloso";"36746";"Ciudad Real";"Castilla-La Mancha Castilla-La Mancha";"/wiki/Tomelloso";"39.157777777778";"-3.0208333333333"
"San Adrián de Besós";"36496";"Barcelona";"Cataluña Cataluña";"/wiki/San_Adri%C3%A1n_de_Bes%C3%B3s";"41.4304832";"2.2182775"
"Vendrell";"36482";"Tarragona";"Cataluña Cataluña";"/wiki/Vendrell";"41.220077";"1.534846"
"Los Realejos";"36149";"Santa Cruz de Tenerife";"Canarias Canarias";"/wiki/Los_Realejos";"28.35";"-16.6"
"Santa Eulalia del Río";"36119";"Islas Baleares";"Islas Baleares Islas Baleares";"/wiki/Santa_Eulalia_del_R%C3%ADo";"38.984722222222";"1.5336111111111"
"Marrachí";"36001";"Islas Baleares";"Islas Baleares Islas Baleares";"/wiki/Marrach%C3%AD";"39.642148";"2.752676"
"Miranda de Ebro";"35922";"Burgos";"Castilla y León Castilla y León";"/wiki/Miranda_de_Ebro";"42.683333333333";"-2.9333333333333"
"Onteniente";"35534";"Valencia";"Comunidad Valenciana Comunidad Valenciana";"/wiki/Onteniente";"38.822222222222";"-0.60722222222222"
"Teruel";"35484";"Teruel";"Aragón Aragón";"/wiki/Teruel";"40.343611111111";"-1.1072222222222"
"Tudela";"35170";"Navarra";"Navarra Navarra";"/wiki/Tudela";"42.065277777778";"-1.6066666666667"
"Cieza";"35134";"Murcia";"Murcia Murcia";"/wiki/Cieza";"38.2391225";"-1.4189731"
"Lluchmayor";"35057";"Islas Baleares";"Islas Baleares Islas Baleares";"/wiki/Lluchmayor";"39.49";"2.891507"
"Oleiros";"35013";"La Coruña";"Galicia Galicia";"/wiki/Oleiros_(La_Coru%C3%B1a)";"43.3547539";"-8.32870852409"
"Úbeda";"34835";"Jaén";"Andalucía Andalucía";"/wiki/%C3%9Abeda";"38.011666666667";"-3.3716666666667"
"Moncada y Reixach";"34802";"Barcelona";"Cataluña Cataluña";"/wiki/Moncada_y_Reixach";"41.486653";"2.187913"
"Águilas";"34706";"Murcia";"Murcia Murcia";"/wiki/%C3%81guilas";"37.404166666667";"-1.5819444444444"
"Azuqueca de Henares";"34703";"Guadalajara";"Castilla-La Mancha Castilla-La Mancha";"/wiki/Azuqueca_de_Henares";"40.564722222222";"-3.2680555555556"
"Burriana";"34643";"Castellón";"Comunidad Valenciana Comunidad Valenciana";"/wiki/Burriana";"39.889444444444";"-0.0925"
"Torre Pacheco";"34630";"Murcia";"Murcia Murcia";"/wiki/Torre_Pacheco";"37.743133";"-0.9539015"
"Almendralejo";"34543";"Badajoz";"Extremadura Extremadura";"/wiki/Almendralejo";"38.683055555556";"-6.4091666666667"
"Petrel";"34533";"Alicante";"Comunidad Valenciana Comunidad Valenciana";"/wiki/Petrel_(Alicante)";"38.483333333333";"-0.76666666666667"
"Ronda";"34381";"Málaga";"Andalucía Andalucía";"/wiki/Ronda_(M%C3%A1laga)";"36.737222222222";"-5.1647222222222"
"Villena";"34163";"Alicante";"Comunidad Valenciana Comunidad Valenciana";"/wiki/Villena";"38.635";"-0.86583333333333"
"Yecla";"34037";"Murcia";"Murcia Murcia";"/wiki/Yecla";"38.616667";"-1.116667"
"Olot";"34000";"Gerona";"Cataluña Cataluña";"/wiki/Olot";"42.1821928";"2.4890165"
"Tortosa";"33743";"Tarragona";"Cataluña Cataluña";"/wiki/Tortosa";"40.8125";"0.52111111111111"
"Villajoyosa";"33580";"Alicante";"Comunidad Valenciana Comunidad Valenciana";"/wiki/Villajoyosa";"38.505277777778";"-0.23277777777778"
"San Juan Despí";"33502";"Barcelona";"Cataluña Cataluña";"/wiki/San_Juan_Desp%C3%AD";"41.3667951";"2.0570346"
"Cambrils";"33273";"Tarragona";"Cataluña Cataluña";"/wiki/Cambrils";"41.06699";"1.05645"
"Barberá del Vallés";"32832";"Barcelona";"Cataluña Cataluña";"/wiki/Barber%C3%A1_del_Vall%C3%A9s";"41.516388888889";"2.1244444444444"
"Aranda de Duero";"32621";"Burgos";"Castilla y León Castilla y León";"/wiki/Aranda_de_Duero";"41.671388888889";"-3.6863888888889"
"Galapagar";"32404";"Madrid";"Comunidad de Madrid Comunidad de Madrid";"/wiki/Galapagar";"40.576388888889";"-4.0019444444444"
"Castro Urdiales";"31901";"Cantabria";"Cantabria Cantabria";"/wiki/Castro_Urdiales";"43.384444444444";"-3.215"
"Vall de Uxó";"31819";"Castellón";"Comunidad Valenciana Comunidad Valenciana";"/wiki/Vall_de_Ux%C3%B3";"39.8235837";"-0.2316995"
"San Javier";"31782";"Murcia";"Murcia Murcia";"/wiki/San_Javier_(Espa%C3%B1a)";"37.8036595";"-0.8342849"
"San Andrés del Rabanedo";"31470";"León";"Castilla y León Castilla y León";"/wiki/San_Andr%C3%A9s_del_Rabanedo";"42.611111111111";"-5.6194444444444"
"Santa Pola";"31309";"Alicante";"Comunidad Valenciana Comunidad Valenciana";"/wiki/Santa_Pola";"38.189722222222";"-0.55555555555556"
"Carballo";"31256";"La Coruña";"Galicia Galicia";"/wiki/Carballo_(La_Coru%C3%B1a)";"43.216666666667";"-8.6833333333333"
"Aldaya";"31246";"Valencia";"Comunidad Valenciana Comunidad Valenciana";"/wiki/Aldaya";"39.4647207";"-0.460781"
"Arteixo";"31239";"La Coruña";"Galicia Galicia";"/wiki/Arteixo";"43.3";"-8.5"
"Arcos de la Frontera";"31114";"Cádiz";"Andalucía Andalucía";"/wiki/Arcos_de_la_Frontera";"36.7482937";"-5.8063128"
"Totana";"30981";"Murcia";"Murcia Murcia";"/wiki/Totana";"37.7710024";"-1.5001618"
"Alcázar de San Juan";"30967";"Ciudad Real";"Castilla-La Mancha Castilla-La Mancha";"/wiki/Alc%C3%A1zar_de_San_Juan";"39.3901005";"-3.2102351"
"Inca";"30944";"Islas Baleares";"Islas Baleares Islas Baleares";"/wiki/Inca_(Baleares)";"39.716666666667";"2.9166666666667"
"Lejona";"30857";"Vizcaya";"País Vasco País Vasco";"/wiki/Lejona";"43.328888888889";"-2.9847222222222"
"Agüimes";"30742";"Las Palmas";"Canarias Canarias";"/wiki/Ag%C3%BCimes";"27.883333333333";"-15.433333333333"
"Manises";"30704";"Valencia";"Comunidad Valenciana Comunidad Valenciana";"/wiki/Manises";"39.483333333333";"-0.45"
"Mazarrón";"30704";"Murcia";"Murcia Murcia";"/wiki/Mazarr%C3%B3n";"37.59838";"-1.3139024"
"Camargo";"30611";"Cantabria";"Cantabria Cantabria";"/wiki/Camargo_(Cantabria)";"43.426666666667";"-3.8552777777778"
"Ames";"30544";"La Coruña";"Galicia Galicia";"/wiki/Ames_(La_Coru%C3%B1a)";"42.86";"-8.65"
"Hellín";"30419";"Albacete";"Castilla-La Mancha Castilla-La Mancha";"/wiki/Hell%C3%ADn";"38.512222222222";"-1.7033333333333"
"Coria del Río";"30418";"Sevilla";"Andalucía Andalucía";"/wiki/Coria_del_R%C3%ADo";"37.285";"-6.0516666666667"
"Ingenio";"30340";"Las Palmas";"Canarias Canarias";"/wiki/Ingenio_(Gran_Canaria)";"27.9214117";"-15.4323617"
"Valdepeñas";"30277";"Ciudad Real";"Castilla-La Mancha Castilla-La Mancha";"/wiki/Valdepe%C3%B1as_(Ciudad_Real)";"38.766389";"-3.399722"
"Puente Genil";"30072";"Córdoba";"Andalucía Andalucía";"/wiki/Puente_Genil";"37.3886368";"-4.7698498"
"San Pedro de Ribas";"29842";"Barcelona";"Cataluña Cataluña";"/wiki/San_Pedro_de_Ribas";"41.259195";"1.772998"
"Alacuás";"29660";"Valencia";"Comunidad Valenciana Comunidad Valenciana";"/wiki/Alacu%C3%A1s";"39.458333333333";"-0.46277777777778"
"Culleredo";"29638";"La Coruña";"Galicia Galicia";"/wiki/Culleredo";"43.27768315";"-8.41186113155"
"San Roque";"29575";"Cádiz";"Andalucía Andalucía";"/wiki/San_Roque_(C%C3%A1diz)";"36.209722222222";"-5.3844444444444"
"Redondela";"29563";"Pontevedra";"Galicia Galicia";"/wiki/Redondela";"42.283333";"-8.6"
"Puerto de la Cruz";"29497";"Santa Cruz de Tenerife";"Canarias Canarias";"/wiki/Puerto_de_la_Cruz";"28.416667";"-16.55"
"Salt";"29404";"Gerona";"Cataluña Cataluña";"/wiki/Salt";"41.976111111111";"2.7880555555556"
"Galdácano";"29315";"Vizcaya";"País Vasco País Vasco";"/wiki/Gald%C3%A1cano";"43.230555555556";"-2.8458333333333"
"Durango";"29031";"Vizcaya";"País Vasco País Vasco";"/wiki/Durango_(Vizcaya)";"43.166974";"-2.6321025"
"Rota";"29030";"Cádiz";"Andalucía Andalucía";"/wiki/Rota_(C%C3%A1diz)";"36.6228636";"-6.3599595"
"Játiva";"28973";"Valencia";"Comunidad Valenciana Comunidad Valenciana";"/wiki/J%C3%A1tiva";"38.9887291";"-0.5191539"
"Chirivella";"28771";"Valencia";"Comunidad Valenciana Comunidad Valenciana";"/wiki/Chirivella";"39.465555555556";"-0.42666666666667"
"Crevillente";"28691";"Alicante";"Comunidad Valenciana Comunidad Valenciana";"/wiki/Crevillente";"38.248611111111";"-0.80888888888889"
"Ciudadela";"28641";"Islas Baleares";"Islas Baleares Islas Baleares";"/wiki/Ciudadela_(Espa%C3%B1a)";"40.001388888889";"3.8363888888889"
"Carmona";"28595";"Sevilla";"Andalucía Andalucía";"/wiki/Carmona";"37.471111111111";"-5.6422222222222"
"Níjar";"28579";"Almería";"Andalucía Andalucía";"/wiki/N%C3%ADjar";"36.965555555556";"-2.2063888888889"
"Sitges";"28478";"Barcelona";"Cataluña Cataluña";"/wiki/Sitges";"41.233888888889";"1.8041666666667"
"Vinaroz";"28290";"Castellón";"Comunidad Valenciana Comunidad Valenciana";"/wiki/Vinaroz";"40.466666666667";"0.46666666666667"
"Mahón";"28099";"Islas Baleares";"Islas Baleares Islas Baleares";"/wiki/Mah%C3%B3n";"39.889444444444";"4.2641666666667"
"Sueca";"28090";"Valencia";"Comunidad Valenciana Comunidad Valenciana";"/wiki/Sueca_(Valencia)";"39.2025604";"-0.3111645"
"Morón de la Frontera";"28073";"Sevilla";"Andalucía Andalucía";"/wiki/Mor%C3%B3n_de_la_Frontera";"37.122222222222";"-5.4516666666667"
"San Vicente dels Horts";"27961";"Barcelona";"Cataluña Cataluña";"/wiki/San_Vicente_dels_Horts";"41.3932274";"2.009708"
"Premiá de Mar";"27866";"Barcelona";"Cataluña Cataluña";"/wiki/Premi%C3%A1_de_Mar";"41.4920085";"2.3620172"
"Sestao";"27841";"Vizcaya";"País Vasco País Vasco";"/wiki/Sestao";"43.310833333333";"-3.0055555555556"
"Catarroja";"27728";"Valencia";"Comunidad Valenciana Comunidad Valenciana";"/wiki/Catarroja";"39.4033747";"-0.4028759"
"Martorell";"27645";"Barcelona";"Cataluña Cataluña";"/wiki/Martorell";"41.47444";"1.930537"
"Algemesí";"27607";"Valencia";"Comunidad Valenciana Comunidad Valenciana";"/wiki/Algemes%C3%AD";"39.189722222222";"-0.43777777777778"
"San Andrés de la Barca";"27434";"Barcelona";"Cataluña Cataluña";"/wiki/San_Andr%C3%A9s_de_la_Barca";"41.447777777778";"1.9769444444444"
"Lepe";"27409";"Huelva";"Andalucía Andalucía";"/wiki/Lepe";"37.25";"-7.2"
"Lebrija";"27398";"Sevilla";"Andalucía Andalucía";"/wiki/Lebrija_(Sevilla)";"36.919444444444";"-6.0780555555556"
"Almuñécar";"27397";"Granada";"Andalucía Andalucía";"/wiki/Almu%C3%B1%C3%A9car";"36.733888888889";"-3.6911111111111"
"Campello";"27384";"Alicante";"Comunidad Valenciana Comunidad Valenciana";"/wiki/Campello";"38.4275";"-0.40111111111111"
"Éibar";"27380";"Guipúzcoa";"País Vasco País Vasco";"/wiki/%C3%89ibar";"43.1842839";"-2.4732748"
"Villaviciosa de Odón";"27276";"Madrid";"Comunidad de Madrid Comunidad de Madrid";"/wiki/Villaviciosa_de_Od%C3%B3n";"40.358333333333";"-3.9033333333333"
"Camas";"27258";"Sevilla";"Andalucía Andalucía";"/wiki/Camas_(Sevilla)";"37.4020115";"-6.0331571"
"Riveira";"27249";"La Coruña";"Galicia Galicia";"/wiki/Riveira";"42.5564829";"-8.9922065"
"Jávea";"27225";"Alicante";"Comunidad Valenciana Comunidad Valenciana";"/wiki/J%C3%A1vea";"38.789166666667";"0.16305555555556"
"Navalcarnero";"26954";"Madrid";"Comunidad de Madrid Comunidad de Madrid";"/wiki/Navalcarnero";"40.284722222222";"-4.0136111111111"
"Candelaria";"26746";"Santa Cruz de Tenerife";"Canarias Canarias";"/wiki/Candelaria_(Santa_Cruz_de_Tenerife)";"28.3546715";"-16.3710091"
"Illescas";"26672";"Toledo";"Castilla-La Mancha Castilla-La Mancha";"/wiki/Illescas_(Toledo)";"40.122777777778";"-3.8455555555556"
"Cangas de Morrazo";"26584";"Pontevedra";"Galicia Galicia";"/wiki/Cangas_de_Morrazo";"42.27790245";"-8.78984095903"
"Benicarló";"26486";"Castellón";"Comunidad Valenciana Comunidad Valenciana";"/wiki/Benicarl%C3%B3";"40.418611111111";"0.42305555555556"
"Salou";"26386";"Tarragona";"Cataluña Cataluña";"/wiki/Salou";"41.07964";"1.13163"
"Pineda de Mar";"26240";"Barcelona";"Cataluña Cataluña";"/wiki/Pineda_de_Mar";"41.627222222222";"2.6911111111111"
"Novelda";"26054";"Alicante";"Comunidad Valenciana Comunidad Valenciana";"/wiki/Novelda";"38.386111111111";"-0.76527777777778"
"Villanueva de la Serena";"25992";"Badajoz";"Extremadura Extremadura";"/wiki/Villanueva_de_la_Serena";"38.973888888889";"-5.8002777777778"
"San José";"25849";"Islas Baleares";"Islas Baleares Islas Baleares";"/wiki/San_Jos%C3%A9_(Baleares)";"38.921667";"1.293333"
"Oliva";"25789";"Valencia";"Comunidad Valenciana Comunidad Valenciana";"/wiki/Oliva_(Valencia)";"38.919444444444";"-0.12111111111111"
"Almazora";"25632";"Castellón";"Comunidad Valenciana Comunidad Valenciana";"/wiki/Almazora";"39.9435743";"-0.0634783"
"Caravaca de la Cruz";"25591";"Murcia";"Murcia Murcia";"/wiki/Caravaca_de_la_Cruz";"38.1075";"-1.86"
"Villarrobledo";"25589";"Albacete";"Castilla-La Mancha Castilla-La Mancha";"/wiki/Villarrobledo";"39.266666666667";"-2.6"
"Santa Perpetua de Moguda";"25556";"Barcelona";"Cataluña Cataluña";"/wiki/Santa_Perpetua_de_Moguda";"41.5375";"2.1819444444444"
"Jumilla";"25362";"Murcia";"Murcia Murcia";"/wiki/Jumilla";"38.479166666667";"-1.325"
"Molins de Rey";"25359";"Barcelona";"Cataluña Cataluña";"/wiki/Molins_de_Rey";"41.413888888889";"2.0158333333333"
"Paiporta";"25084";"Valencia";"Comunidad Valenciana Comunidad Valenciana";"/wiki/Paiporta";"39.427777777778";"-0.41833333333333"
"Vícar";"24957";"Almería";"Andalucía Andalucía";"/wiki/V%C3%ADcar";"36.8316986";"-2.6430297"
"Marín";"24878";"Pontevedra";"Galicia Galicia";"/wiki/Mar%C3%ADn_(Pontevedra)";"42.392777777778";"-8.6988888888889"
"Onda";"24856";"Castellón";"Comunidad Valenciana Comunidad Valenciana";"/wiki/Onda_(Castell%C3%B3n)";"39.963027777778";"-0.26522222222222"
"Tomares";"24851";"Sevilla";"Andalucía Andalucía";"/wiki/Tomares";"37.373888888889";"-6.045"
"Cártama";"24824";"Málaga";"Andalucía Andalucía";"/wiki/C%C3%A1rtama";"36.7112515";"-4.6305716"
"Almansa";"24800";"Albacete";"Castilla-La Mancha Castilla-La Mancha";"/wiki/Almansa";"38.8682065";"-1.0978627"
"Cuart de Poblet";"24776";"Valencia";"Comunidad Valenciana Comunidad Valenciana";"/wiki/Cuart_de_Poblet";"39.483333333333";"-0.44277777777778"
"Adra";"24713";"Almería";"Andalucía Andalucía";"/wiki/Adra";"36.75";"-3.0166666666667"
"San Pedro del Pinatar";"24660";"Murcia";"Murcia Murcia";"/wiki/San_Pedro_del_Pinatar";"37.8363098";"-0.7885565"
"Piélagos";"24574";"Cantabria";"Cantabria Cantabria";"/wiki/Pi%C3%A9lagos";"43.357777777778";"-3.9580555555556"
"La Oliva";"24508";"Las Palmas";"Canarias Canarias";"/wiki/La_Oliva";"28.616666666667";"-13.933333333333"
"Muchamiel";"24487";"Alicante";"Comunidad Valenciana Comunidad Valenciana";"/wiki/Muchamiel";"38.413611111111";"-0.44555555555556"
"San Antonio Abad";"24478";"Islas Baleares";"Islas Baleares Islas Baleares";"/wiki/San_Antonio_Abad_(Baleares)";"38.980833333333";"1.3005555555556"
"Alhaurín el Grande";"24315";"Málaga";"Andalucía Andalucía";"/wiki/Alhaur%C3%ADn_el_Grande";"36.633055555556";"-4.6830555555556"
"Gáldar";"24296";"Las Palmas";"Canarias Canarias";"/wiki/G%C3%A1ldar";"28.143888888889";"-15.650277777778"
"Calafell";"25444";"Tarragona";"Cataluña Cataluña";"/wiki/Calafell";"41.200356";"1.569347"
"Valls";"24285";"Tarragona";"Cataluña Cataluña";"/wiki/Valls";"41.288333";"1.250833"
"Erandio";"24240";"Vizcaya";"País Vasco País Vasco";"/wiki/Erandio";"43.304722222222";"-2.9730555555556"
"Martos";"24240";"Jaén";"Andalucía Andalucía";"/wiki/Martos";"37.722777777778";"-3.9658333333333"
"Cambre";"24141";"La Coruña";"Galicia Galicia";"/wiki/Cambre";"43.283333333333";"-8.3333333333333"
"Armilla";"23901";"Granada";"Andalucía Andalucía";"/wiki/Armilla";"37.142777777778";"-3.6277777777778"
"Alboraya";"23837";"Valencia";"Comunidad Valenciana Comunidad Valenciana";"/wiki/Alboraya";"39.5009954";"-0.34948"
"Calahorra";"23827";"La Rioja";"La Rioja La Rioja";"/wiki/Calahorra";"42.303333333333";"-1.9647222222222"
"Ciempozuelos";"23773";"Madrid";"Comunidad de Madrid Comunidad de Madrid";"/wiki/Ciempozuelos";"40.159166666667";"-3.6180555555556"
"Tacoronte";"23772";"Santa Cruz de Tenerife";"Canarias Canarias";"/wiki/Tacoronte";"28.4805316";"-16.4137605"
"Cambre";"23649";"La Coruña";"Galicia Galicia";"/wiki/Cambre";"43.283333333333";"-8.3333333333333"
"Castellar del Vallés";"23633";"Barcelona";"Cataluña Cataluña";"/wiki/Castellar_del_Vall%C3%A9s";"41.618538888889";"2.0878388888889"
"Puebla de Vallbona";"23403";"Valencia";"Comunidad Valenciana Comunidad Valenciana";"/wiki/Puebla_de_Vallbona";"39.591662";"-0.5529743"
"Ibi";"23365";"Alicante";"Comunidad Valenciana Comunidad Valenciana";"/wiki/Ibi";"38.627222222222";"-0.57527777777778"
"Montilla";"23365";"Córdoba";"Andalucía Andalucía";"/wiki/Montilla";"37.5865914";"-4.6386198"
"Los Barrios";"23316";"Cádiz";"Andalucía Andalucía";"/wiki/Los_Barrios_(C%C3%A1diz)";"36.183430555556";"-5.4928097222222"
"Almonte";"23223";"Huelva";"Andalucía Andalucía";"/wiki/Almonte";"37.2611686";"-6.5175751"
"Torrelodones";"23123";"Madrid";"Comunidad de Madrid Comunidad de Madrid";"/wiki/Torrelodones";"40.576388888889";"-3.93"
"El Masnou";"23119";"Barcelona";"Cataluña Cataluña";"/wiki/El_Masnou";"41.481666666667";"2.3177777777778"
"Paracuellos de Jarama";"23104";"Madrid";"Comunidad de Madrid Comunidad de Madrid";"/wiki/Paracuellos_de_Jarama";"40.504722222222";"-3.53"
"Mairena del Alcor";"23047";"Sevilla";"Andalucía Andalucía";"/wiki/Mairena_del_Alcor";"37.373055555556";"-5.7475"
"Zarauz";"23040";"Guipúzcoa";"País Vasco País Vasco";"/wiki/Zarauz";"43.2863159";"-2.1748013"
"Ponteareas";"22963";"Pontevedra";"Galicia Galicia";"/wiki/Ponteareas";"42.1753232";"-8.5048936"
"Icod de los Vinos";"22913";"Santa Cruz de Tenerife";"Canarias Canarias";"/wiki/Icod_de_los_Vinos";"28.35";"-16.7"
"Mejorada del Campo";"22900";"Madrid";"Comunidad de Madrid Comunidad de Madrid";"/wiki/Mejorada_del_Campo";"40.396666666667";"-3.4841666666667"
"San Juan de Alicante";"22897";"Alicante";"Comunidad Valenciana Comunidad Valenciana";"/wiki/San_Juan_de_Alicante";"38.401388888889";"-0.43666666666667"
"Palafrugell";"22868";"Gerona";"Cataluña Cataluña";"/wiki/Palafrugell";"41.918182";"3.16302"
"Priego de Córdoba";"22855";"Córdoba";"Andalucía Andalucía";"/wiki/Priego_de_C%C3%B3rdoba";"37.4384292";"-4.1980422"
"Liria";"22796";"Valencia";"Comunidad Valenciana Comunidad Valenciana";"/wiki/Liria";"39.6258293";"-0.5961102"
"Barbate";"22720";"Cádiz";"Andalucía Andalucía";"/wiki/Barbate";"36.1899697";"-5.9200967"
"Bétera";"22696";"Valencia";"Comunidad Valenciana Comunidad Valenciana";"/wiki/B%C3%A9tera";"39.5922014";"-0.462482"
"Laguna de Duero";"22696";"Valladolid";"Castilla y León Castilla y León";"/wiki/Laguna_de_Duero";"41.583055555556";"-4.7166666666667"
"Castrillón";"22626";"Asturias";"Principado de Asturias Principado de Asturias";"/wiki/Castrill%C3%B3n";"43.54587395";"-5.99247563911"
"Conil de la Frontera";"22297";"Cádiz";"Andalucía Andalucía";"/wiki/Conil_de_la_Frontera";"36.2755873";"-6.0877024"
"Cullera";"22139";"Valencia";"Comunidad Valenciana Comunidad Valenciana";"/wiki/Cullera";"39.1659862";"-0.2526691"
"Maracena";"22059";"Granada";"Andalucía Andalucía";"/wiki/Maracena";"37.2075";"-3.6330555555556"
"Mondragón";"21987";"Guipúzcoa";"País Vasco País Vasco";"/wiki/Mondrag%C3%B3n";"43.065555555556";"-2.49"
"Vilaseca";"21935";"Tarragona";"Cataluña Cataluña";"/wiki/Vilaseca";"41.11098";"1.144988"
"Esparraguera";"21766";"Barcelona";"Cataluña Cataluña";"/wiki/Esparraguera_(Barcelona)";"41.538055555556";"1.8691666666667"
"San Felíu de Guixols";"21760";"Gerona";"Cataluña Cataluña";"/wiki/San_Fel%C3%ADu_de_Guixols";"41.780556";"3.030556"
"Alcalá la Real";"21758";"Jaén";"Andalucía Andalucía";"/wiki/Alcal%C3%A1_la_Real";"37.4625";"-3.9227777777778"
"Altea";"21739";"Alicante";"Comunidad Valenciana Comunidad Valenciana";"/wiki/Altea_(Alicante)";"38.6";"-0.048888888888889"
"Teguise";"21724";"Las Palmas";"Canarias Canarias";"/wiki/Teguise";"29.061111";"-13.559722"
"Moncada";"21700";"Valencia";"Comunidad Valenciana Comunidad Valenciana";"/wiki/Moncada";"39.533333333333";"-0.38333333333333"
"San Juan de Aznalfarache";"21556";"Sevilla";"Andalucía Andalucía";"/wiki/San_Juan_de_Aznalfarache";"37.359722222222";"-6.0277777777778"
"Ribarroja del Turia";"21521";"Valencia";"Comunidad Valenciana Comunidad Valenciana";"/wiki/Ribarroja_del_Turia";"39.5475";"-0.568333"
"Alfaz del Pi";"21494";"Alicante";"Comunidad Valenciana Comunidad Valenciana";"/wiki/Alfaz_del_Pi";"38.579444444444";"-0.10194444444444"
"Coín";"21456";"Málaga";"Andalucía Andalucía";"/wiki/Co%C3%ADn";"36.6588629";"-4.7570121"
"Moguer";"21401";"Huelva";"Andalucía Andalucía";"/wiki/Moguer";"37.274722222222";"-6.8386111111111"
"Pilar de la Horadada";"21348";"Alicante";"Comunidad Valenciana Comunidad Valenciana";"/wiki/Pilar_de_la_Horadada";"37.8675489";"-0.7925673"
"Las Torres de Cotillas";"21341";"Murcia";"Murcia Murcia";"/wiki/Las_Torres_de_Cotillas";"38.026388888889";"-1.2436111111111"
"Alhama de Murcia";"21308";"Murcia";"Murcia Murcia";"/wiki/Alhama_de_Murcia";"37.851388888889";"-1.4263888888889"
"Palma del Río";"21241";"Córdoba";"Andalucía Andalucía";"/wiki/Palma_del_R%C3%ADo";"37.6949622";"-5.2804262"
"Nerja";"21204";"Málaga";"Andalucía Andalucía";"/wiki/Nerja";"36.7468571";"-3.8790195"
"Isla Cristina";"21165";"Huelva";"Andalucía Andalucía";"/wiki/Isla_Cristina";"37.199444444444";"-7.3252777777778"
"Mogán";"21049";"Las Palmas";"Canarias Canarias";"/wiki/Mog%C3%A1n";"27.866666666667";"-15.716666666667"
"La Estrada";"20891";"Pontevedra";"Galicia Galicia";"/wiki/La_Estrada";"42.689166666667";"-8.4872222222222"
"Alfafar";"20777";"Valencia";"Comunidad Valenciana Comunidad Valenciana";"/wiki/Alfafar";"39.422222222222";"-0.38972222222222"
"Medina del Campo";"20774";"Valladolid";"Castilla y León Castilla y León";"/wiki/Medina_del_Campo";"41.3085254";"-4.9150523"
"Cabra";"20704";"Córdoba";"Andalucía Andalucía";"/wiki/Cabra_(C%C3%B3rdoba)";"37.4718153";"-4.4335616"
"Baza";"20656";"Granada";"Andalucía Andalucía";"/wiki/Baza_(Granada)";"37.4888637";"-2.7709805"
"Amposta";"20654";"Tarragona";"Cataluña Cataluña";"/wiki/Amposta";"40.710555555556";"0.58083333333333"
"Loja";"20641";"Granada";"Andalucía Andalucía";"/wiki/Loja_(Granada)";"37.166666666667";"-4.15"
"Ayamonte";"20629";"Huelva";"Andalucía Andalucía";"/wiki/Ayamonte";"37.2135703";"-7.4031237"
"Almoradí";"20542";"Alicante";"Comunidad Valenciana";"/wiki/Almorad%C3%AD";"38.109722222222";"-0.78944444444444"
"Carcagente";"20520";"Valencia";"Comunidad Valenciana Comunidad Valenciana";"/wiki/Carcagente";"39.116666666667";"-0.43333333333333"
"Requena";"20510";"Valencia";"Comunidad Valenciana Comunidad Valenciana";"/wiki/Requena_(Espa%C3%B1a)";"39.488538";"-1.1023083"
"Picasent";"20498";"Valencia";"Comunidad Valenciana Comunidad Valenciana";"/wiki/Picasent";"39.3617446";"-0.4618265"
"Aspe";"20482";"Alicante";"Comunidad Valenciana Comunidad Valenciana";"/wiki/Aspe";"38.345833333333";"-0.76888888888889"
"Guía de Isora";"20460";"Santa Cruz de Tenerife";"Canarias Canarias";"/wiki/Gu%C3%ADa_de_Isora";"28.2110436";"-16.7783978"
"Barañáin";"20124";"Navarra";"Navarra Navarra";"/wiki/Bara%C3%B1%C3%A1in";"42.8";"-1.6833333333333"
"Algete";"20311";"Madrid";"Comunidad de Madrid Comunidad de Madrid";"/wiki/Algete";"40.597777777778";"-3.5002777777778"
"Calatayud";"20191";"Zaragoza";"Aragón Aragón";"/wiki/Calatayud";"41.35";"-1.633333"
"Manlleu";"20104";"Barcelona";"Cataluña Cataluña";"/wiki/Manlleu";"42";"2.2836111111111"
"Lalín";"20044";"Pontevedra";"Galicia Galicia";"/wiki/Lal%C3%ADn";"42.6614127";"-8.1109759"
"Los Llanos de Aridane";"20043";"Santa Cruz de Tenerife";"Canarias Canarias";"/wiki/Los_Llanos_de_Aridane";"28.65";"-17.9"
"Tías";"20037";"Las Palmas";"Canarias Canarias";"/wiki/T%C3%ADas_(Las_Palmas)";"28.953055555556";"-13.653055555556"
"La Nucía";"19967";"Alicante";"Comunidad Valenciana Comunidad Valenciana";"/wiki/La_Nuc%C3%ADa";"38.617222222222";"-0.12305555555556"
"Baena";"19782";"Córdoba";"Andalucía Andalucía";"/wiki/Baena";"37.6194451";"-4.3260458"
"Marchena";"19773";"Sevilla";"Andalucía Andalucía";"/wiki/Marchena";"37.329722222222";"-5.4163888888889"
"San Quirico de Tarrasa";"19664";"Barcelona";"Cataluña Cataluña";"/wiki/San_Quirico_de_Tarrasa";"41.530143";"2.0820052"
"La Unión";"19630";"Murcia";"Región de Murcia Región de Murcia";"/wiki/La_Uni%C3%B3n_(Espa%C3%B1a)";"37.6190739";"-0.8755119"
"Villanueva de la Cañada";"19611";"Madrid";"Comunidad de Madrid Comunidad de Madrid";"/wiki/Villanueva_de_la_Ca%C3%B1ada";"40.4466749";"-4.0049569"
"Porriño";"19567";"Pontevedra";"Galicia Galicia";"/wiki/Porri%C3%B1o";"42.1618689";"-8.6201899"
"Humanes de Madrid";"19563";"Madrid";"Comunidad de Madrid Comunidad de Madrid";"/wiki/Humanes_de_Madrid";"40.253888888889";"-3.8277777777778"
"Moaña";"19458";"Pontevedra";"Galicia Galicia";"/wiki/Moa%C3%B1a";"42.3072464";"-8.7375444"
"Puzol";"19438";"Valencia";"Comunidad Valenciana Comunidad Valenciana";"/wiki/Puzol";"39.616667";"-0.301111"
"Rosas";"19438";"Gerona";"Cataluña Cataluña";"/wiki/Rosas_(Gerona)";"42.263333";"3.175"
"Las Franquesas del Vallés";"19417";"Barcelona";"Cataluña Cataluña";"/wiki/Las_Franquesas_del_Vall%C3%A9s";"41.636418";"2.296294"
"Pájara";"19394";"Las Palmas";"Canarias Canarias";"/wiki/P%C3%A1jara";"28.35";"-14.1"
"Alcudia";"19296";"Islas Baleares";"Islas Baleares Islas Baleares";"/wiki/Alcudia";"39.852222222222";"3.1219444444444"
"Bañolas";"19239";"Gerona";"Cataluña Cataluña";"/wiki/Ba%C3%B1olas";"42.119444444444";"2.7663888888889"
"Tolosa";"19175";"Guipúzcoa";"País Vasco País Vasco";"/wiki/Tolosa_(Guip%C3%BAzcoa)";"43.1386097";"-2.0723558"
"Arahal";"19168";"Sevilla";"Andalucía Andalucía";"/wiki/Arahal";"37.2625";"-5.5452777777778"
"El Viso del Alcor";"19168";"Sevilla";"Andalucía Andalucía";"/wiki/El_Viso_del_Alcor";"37.388611111111";"-5.7188888888889"
"Lora del Río";"19124";"Sevilla";"Andalucía Andalucía";"/wiki/Lora_del_R%C3%ADo";"37.657222222222";"-5.5266666666667"
"Chipiona";"19095";"Cádiz";"Andalucía Andalucía";"/wiki/Chipiona";"36.7357327";"-6.4347625"
"Cartaya";"19094";"Huelva";"Andalucía Andalucía";"/wiki/Cartaya";"37.2831601";"-7.1549301"
"Arroyo de la Encomienda";"19042";"Valladolid";"Castilla y León Castilla y León";"/wiki/Arroyo_de_la_Encomienda";"41.6127872";"-4.7917372"
"Güímar";"19000";"Santa Cruz de Tenerife";"Canarias Canarias";"/wiki/G%C3%BC%C3%ADmar";"28.3150189";"-16.4099501"
"La Zubia";"18945";"Granada";"Andalucía Andalucía";"/wiki/La_Zubia";"37.120555555556";"-3.585"
"Monforte de Lemos";"18922";"Lugo";"Galicia Galicia";"/wiki/Monforte_de_Lemos";"42.516388888889";"-7.5161111111111"
"Boiro";"18871";"La Coruña";"Galicia Galicia";"/wiki/Boiro";"42.65";"-8.8833333333333"
"Amorebieta-Echano";"18859";"Vizcaya";"País Vasco País Vasco";"/wiki/Amorebieta-Echano";"43.219166666667";"-2.7341666666667"
"Parets";"18837";"Barcelona";"Cataluña Cataluña";"/wiki/Parets";"41.573274";"2.233678"
"Guadix";"18796";"Granada";"Andalucía Andalucía";"/wiki/Guadix";"37.2995522";"-3.1371246"
"Archena";"18734";"Murcia";"Región de Murcia Región de Murcia";"/wiki/Archena";"38.115";"-1.2991666666667"
"San Martín de la Vega";"18734";"Madrid";"Comunidad de Madrid Comunidad de Madrid";"/wiki/San_Mart%C3%ADn_de_la_Vega";"40.209444444444";"-3.5722222222222"
"Huércal-Overa";"18589";"Almería";"Andalucía Andalucía";"/wiki/Hu%C3%A9rcal-Overa";"37.3898957";"-1.9434961"
"Villaquilambre";"18583";"León";"Castilla y León Castilla y León";"/wiki/Villaquilambre";"42.646111111111";"-5.5586111111111"
"Teo";"18510";"La Coruña";"Galicia Galicia";"/wiki/Teo";"42.79489625";"-8.56210147115"
"Albolote";"18497";"Granada";"Andalucía Andalucía";"/wiki/Albolote";"37.230555555556";"-3.6572222222222"
"Callosa de Segura";"18497";"Alicante";"Comunidad Valenciana Comunidad Valenciana";"/wiki/Callosa_de_Segura";"38.1225";"-0.87972222222222"
"Manzanares";"18475";"Ciudad Real";"Castilla-La Mancha Castilla-La Mancha";"/wiki/Manzanares_(Ciudad_Real)";"38.996058333333";"-3.3723666666667"
"Utebo";"18466";"Zaragoza";"Aragón Aragón";"/wiki/Utebo";"41.7140829";"-0.9943593"
"Silla";"18462";"Valencia";"Comunidad Valenciana Comunidad Valenciana";"/wiki/Silla_(Valencia)";"39.3617839";"-0.4103493"
"Santa Brígida";"18437";"Las Palmas";"Canarias Canarias";"/wiki/Santa_Br%C3%ADgida_(Gran_Canaria)";"28.0337963";"-15.4998362"
"Daimiel";"18396";"Ciudad Real";"Castilla-La Mancha Castilla-La Mancha";"/wiki/Daimiel";"39.072196";"-3.6143611"
"Burlada";"18338";"Navarra";"Navarra Navarra";"/wiki/Burlada";"42.82648";"-1.61563"
"Calella";"18317";"Barcelona";"Cataluña Cataluña";"/wiki/Calella";"41.616944444444";"2.6641666666667"
"Benavente";"18315";"Zamora";"Castilla y León Castilla y León";"/wiki/Benavente_(Zamora)";"42.0048668";"-5.6756156"
"Malgrat de Mar";"18295";"Barcelona";"Cataluña Cataluña";"/wiki/Malgrat_de_Mar";"41.645555555556";"2.7427777777778"
"Llodio";"18212";"Álava";"País Vasco País Vasco";"/wiki/Llodio";"43.151111111111";"-2.9561111111111"
"Cardedeu";"18158";"Barcelona";"Cataluña Cataluña";"/wiki/Cardedeu";"41.640555555556";"2.3594444444444"
"Lasarte-Oria";"18152";"Guipúzcoa";"País Vasco País Vasco";"/wiki/Lasarte-Oria";"43.267777777778";"-2.02"
"San Bartolomé";"18151";"Las Palmas";"Canarias Canarias";"/wiki/San_Bartolom%C3%A9_(Las_Palmas)";"28.983217";"-13.616181"
"El Astillero";"18134";"Cantabria";"Cantabria Cantabria";"/wiki/El_Astillero";"43.401666666667";"-3.8194444444444"
"Tarifa";"18116";"Cádiz";"Andalucía Andalucía";"/wiki/Tarifa";"36.015305555556";"-5.6056666666667"
"Atarfe";"18092";"Granada";"Andalucía Andalucía";"/wiki/Atarfe";"37.222777777778";"-3.6863888888889"
"Bailén";"18085";"Jaén";"Andalucía Andalucía";"/wiki/Bail%C3%A9n";"38.096787";"-3.7765601"
"San Lorenzo de El Escorial";"18038";"Madrid";"Comunidad de Madrid Comunidad de Madrid";"/wiki/San_Lorenzo_de_El_Escorial";"40.593611111111";"-4.1427777777778"
"Benicasim";"19957";"Castellón";"Comunidad Valenciana Comunidad Valenciana";"/wiki/Benicasim";"40.055277777778";"0.064166666666667"
"San Miguel de Abona";"17870";"Santa Cruz de Tenerife";"Canarias Canarias";"/wiki/San_Miguel_de_Abona";"28.0975";"-16.617222"
"Palamós";"17677";"Gerona";"Cataluña Cataluña";"/wiki/Palam%C3%B3s";"41.845833333333";"3.1288888888889"
"Rojales";"17622";"Alicante";"Comunidad Valenciana Comunidad Valenciana";"/wiki/Rojales";"38.088611111111";"-0.72361111111111"
"Nigrán";"17593";"Pontevedra";"Galicia Galicia";"/wiki/Nigr%C3%A1n";"42.1415954";"-8.8066339"
"La Eliana";"17591";"Valencia";"Comunidad Valenciana Comunidad Valenciana";"/wiki/La_Eliana";"39.566111111111";"-0.52805555555556"
"San Celoni";"17540";"Barcelona";"Cataluña Cataluña";"/wiki/San_Celoni";"41.689515";"2.489678"
"Castilleja de la Cuesta";"17532";"Sevilla";"Andalucía Andalucía";"/wiki/Castilleja_de_la_Cuesta";"37.386388888889";"-6.0516666666667"
"Osuna";"17532";"Sevilla";"Andalucía Andalucía";"/wiki/Osuna";"37.237222222222";"-5.1030555555556"
"Tabernes de Valldigna";"17485";"Valencia";"Comunidad Valenciana Comunidad Valenciana";"/wiki/Tabernes_de_Valldigna";"39.072222222222";"-0.26583333333333"
"Munguía";"17363";"Vizcaya";"País Vasco País Vasco";"/wiki/Mungu%C3%ADa";"43.354722222222";"-2.8472222222222"
"Felanich";"17319";"Islas Baleares";"Islas Baleares Islas Baleares";"/wiki/Felanich";"39.469198";"3.148098"
"Sangenjo";"17314";"Pontevedra";"Galicia Galicia";"/wiki/Sangenjo";"42.3994567";"-8.8067881"
"Pozoblanco";"17292";"Córdoba";"Andalucía Andalucía";"/wiki/Pozoblanco";"38.378021";"-4.8485761"
"Navalmoral de la Mata";"17247";"Cáceres";"Extremadura Extremadura";"/wiki/Navalmoral_de_la_Mata";"39.892777777778";"-5.5402777777778"
"Monzón";"17237";"Huesca";"Aragón Aragón";"/wiki/Monz%C3%B3n_(Huesca)";"41.9";"0.18333333333333"
"El Rosario";"17191";"Santa Cruz de Tenerife";"Canarias Canarias";"/wiki/El_Rosario_(Tenerife)";"28.43280035";"-16.3682148966"
"Caldas de Montbui";"17137";"Barcelona";"Cataluña Cataluña";"/wiki/Caldas_de_Montbui";"41.632777777778";"2.1675"
"Huércal de Almería";"17068";"Almería";"Andalucía Andalucía";"/wiki/Hu%C3%A9rcal_de_Almer%C3%ADa";"36.8823693";"-2.4407545"
"Tuy";"16966";"Pontevedra";"Galicia Galicia";"/wiki/Tuy_(Pontevedra)";"42.048056";"-8.644444"
"Barbastro";"16961";"Huesca";"Aragón Aragón";"/wiki/Barbastro";"42.033333333333";"0.11666666666667"
"Fuenterrabía";"16950";"Guipúzcoa";"País Vasco País Vasco";"/wiki/Fuenterrab%C3%ADa";"43.3624372";"-1.7914777"
"Villanueva del Pardillo";"16950";"Madrid";"Comunidad de Madrid Comunidad de Madrid";"/wiki/Villanueva_del_Pardillo";"40.490277777778";"-3.9638888888889"
"San Justo Desvern";"16927";"Barcelona";"Cataluña Cataluña";"/wiki/San_Justo_Desvern";"41.383333";"2.075"
"Poyo";"16901";"Pontevedra";"Galicia Galicia";"/wiki/Poyo";"42.440833333333";"-8.7013888888889"
"Guernica y Luno";"16869";"Vizcaya";"País Vasco País Vasco";"/wiki/Guernica_y_Luno";"43.316944444444";"-2.6766666666667"
"Bermeo";"16861";"Vizcaya";"País Vasco País Vasco";"/wiki/Bermeo";"43.420833333333";"-2.7213888888889"
"Zafra";"16855";"Badajoz";"Extremadura Extremadura";"/wiki/Zafra";"38.4258642";"-6.4162027"
"San Martín del Rey Aurelio";"16850";"Asturias";"Principado de Asturias Principado de Asturias";"/wiki/San_Mart%C3%ADn_del_Rey_Aurelio";"43.27501905";"-5.6137777628"
"Ubrique";"16766";"Cádiz";"Andalucía Andalucía";"/wiki/Ubrique";"36.6797472";"-5.4451945"
"Mula";"16689";"Murcia";"Región de Murcia Región de Murcia";"/wiki/Mula_(Murcia)";"38.0418669";"-1.4906872"
"Ejea de los Caballeros";"16541";"Zaragoza";"Aragón Aragón";"/wiki/Ejea_de_los_Caballeros";"42.1272823";"-1.138433"
"Balaguer";"16530";"Lérida";"Cataluña Cataluña";"/wiki/Balaguer";"41.7925";"0.8075"
"Las Cabezas de San Juan";"16516";"Sevilla";"Andalucía Andalucía";"/wiki/Las_Cabezas_de_San_Juan";"36.9800177";"-5.9367057"
"Tárrega";"16481";"Lérida";"Cataluña Cataluña";"/wiki/T%C3%A1rrega";"41.646388888889";"1.1394444444444"
"Tordera";"16453";"Barcelona";"Cataluña Cataluña";"/wiki/Tordera";"41.700833333333";"2.72"
"La Algaba";"16301";"Sevilla";"Andalucía Andalucía";"/wiki/La_Algaba";"37.461666666667";"-6.0136111111111"
"Pollensa";"16222";"Islas Baleares";"Islas Baleares Islas Baleares";"/wiki/Pollensa";"39.877205";"3.016434"
"Montornés del Vallés";"16218";"Barcelona";"Cataluña Cataluña";"/wiki/Montorn%C3%A9s_del_Vall%C3%A9s";"41.544369";"2.267033"
"Pasajes";"16207";"Guipúzcoa";"País Vasco País Vasco";"/wiki/Pasajes";"43.326388888889";"-1.9191666666667"
"Fuente Álamo de Murcia";"16205";"Murcia";"Región de Murcia Región de Murcia";"/wiki/Fuente_%C3%81lamo_de_Murcia";"37.7393288";"-1.18816901901"
"Berga";"16";"Barcelona";"Cataluña Cataluña";"/wiki/Berga";"42.1";"1.8455555555556"
"Albal";"16136";"Valencia";"Comunidad Valenciana Comunidad Valenciana";"/wiki/Albal";"39.3956438";"-0.4150821"
"Baeza";"16100";"Jaén";"Andalucía Andalucía";"/wiki/Baeza_(Espa%C3%B1a)";"37.983333333333";"-3.4666666666667"
"Alcañiz";"16043";"Teruel";"Aragón Aragón";"/wiki/Alca%C3%B1iz";"41.050254";"-0.1329565"
"Ermua";"16028";"Vizcaya";"País Vasco País Vasco";"/wiki/Ermua";"43.186666666667";"-2.5025"
"Corvera de Asturias";"15968";"Asturias";"Principado de Asturias Principado de Asturias";"/wiki/Corvera_de_Asturias";"43.5178378";"-5.88775731693"
"Santomera";"15952";"Murcia";"Región de Murcia Región de Murcia";"/wiki/Santomera";"38.0615839";"-1.0490938"
"Yaiza";"15944";"Las Palmas";"Canarias Canarias";"/wiki/Yaiza";"28.955";"-13.766666666667"
"Canovellas";"15937";"Barcelona";"Cataluña Cataluña";"/wiki/Canovellas";"41.617592";"2.281373"
"La Garriga";"15912";"Barcelona";"Cataluña Cataluña";"/wiki/La_Garriga";"41.680388888889";"2.2833333333333"
"La Solana";"15792";"Ciudad Real";"Castilla-La Mancha Castilla-La Mancha";"/wiki/La_Solana";"38.941388888889";"-3.2394444444444"
"La Roda";"15748";"Albacete";"Castilla-La Mancha Castilla-La Mancha";"/wiki/La_Roda_(Albacete)";"39.206959";"-2.16038"
"Santa Cruz de La Palma";"15711";"Santa Cruz de Tenerife";"Canarias Canarias";"/wiki/Santa_Cruz_de_La_Palma";"28.684167";"-17.765"
"Montijo";"15674";"Badajoz";"Extremadura Extremadura";"/wiki/Montijo_(Badajoz)";"38.91";"-6.6175"
"Vivero";"15615";"Lugo";"Galicia Galicia";"/wiki/Vivero";"43.648055555556";"-7.59"
"La Carolina";"15579";"Jaén";"Andalucía Andalucía";"/wiki/La_Carolina";"38.2742478";"-3.6152701"
"Masamagrell";"15574";"Valencia";"Comunidad Valenciana Comunidad Valenciana";"/wiki/Masamagrell";"39.5691757";"-0.3329905"
"Guadarrama";"15488";"Madrid";"Comunidad de Madrid Comunidad de Madrid";"/wiki/Guadarrama_(Madrid)";"40.672777777778";"-4.0888888888889"
"Torredembarra";"15460";"Tarragona";"Cataluña Cataluña";"/wiki/Torredembarra";"41.145668";"1.395671"
"Guardamar del Segura";"15386";"Alicante";"Comunidad Valenciana Comunidad Valenciana";"/wiki/Guardamar_del_Segura";"38.089722222222";"-0.655"
"Carlet";"15384";"Valencia";"Comunidad Valenciana Comunidad Valenciana";"/wiki/Carlet";"39.2251696";"-0.5202051"
"El Escorial";"15364";"Madrid";"Comunidad de Madrid Comunidad de Madrid";"/wiki/El_Escorial";"40.581608";"-4.125124"
"Cehegín";"15321";"Murcia";"Región de Murcia Región de Murcia";"/wiki/Ceheg%C3%ADn";"38.0925078";"-1.7987525"
"Los Alcázares";"15289";"Murcia";"Región de Murcia Región de Murcia";"/wiki/Los_Alc%C3%A1zares";"37.743611111111";"-0.84972222222222"
"Arenys de Mar";"15253";"Barcelona";"Cataluña Cataluña";"/wiki/Arenys_de_Mar";"41.581944444444";"2.5502777777778"
"Mos";"15240";"Pontevedra";"Galicia Galicia";"/wiki/Mos";"42.2137733";"-8.6312084"
"Espartinas";"15198";"Sevilla";"Andalucía Andalucía";"/wiki/Espartinas";"37.3814997";"-6.125917"
"Vera";"15168";"Almería";"Andalucía Andalucía";"/wiki/Vera_(Almer%C3%ADa)";"37.2475";"-1.8677777777778"
"Sada";"15150";"La Coruña";"Galicia Galicia";"/wiki/Sada_(La_Coru%C3%B1a)";"43.34730565";"-8.27690435382"
"Miguelturra";"15133";"Ciudad Real";"Castilla-La Mancha Castilla-La Mancha";"/wiki/Miguelturra";"38.964722222222";"-3.8911111111111"
"Torrox";"15098";"Málaga";"Andalucía Andalucía";"/wiki/Torrox";"36.7607455";"-3.9523617"
"Santa Fe";"15079";"Granada";"Andalucía Andalucía";"/wiki/Santa_Fe_(Granada)";"37.189444444444";"-3.7180555555556"
"Punta Umbría";"15053";"Huelva";"Andalucía Andalucía";"/wiki/Punta_Umbr%C3%ADa";"37.182222222222";"-6.9669444444444"
"Piera";"15001";"Barcelona";"Cataluña Cataluña";"/wiki/Piera";"41.522222222222";"1.7494444444444"
"Santa Marta de Tormes";"14939";"Salamanca";"Castilla y León Castilla y León";"/wiki/Santa_Marta_de_Tormes";"40.949444444444";"-5.6325"
"Fraga";"14925";"Huesca";"Aragón Aragón";"/wiki/Fraga_(Huesca)";"41.5206796";"0.3516343"
"Puerto Lumbreras";"14874";"Murcia";"Región de Murcia Región de Murcia";"/wiki/Puerto_Lumbreras";"37.5634527";"-1.8072123"
"Llissá de Munt";"14759";"Barcelona";"Cataluña Cataluña";"/wiki/Lliss%C3%A1_de_Munt";"41.6104867";"2.2397066"
"Chiva";"14758";"Valencia";"Comunidad Valenciana Comunidad Valenciana";"/wiki/Chiva";"39.4713797";"-0.7197087"
"Manilva";"14750";"Málaga";"Andalucía Andalucía";"/wiki/Manilva";"36.3763823";"-5.2503659"
"Tarancón";"14750";"Cuenca";"Castilla-La Mancha Castilla-La Mancha";"/wiki/Taranc%C3%B3n";"40.0086075";"-3.0102243"
"Vergara";"14743";"Guipúzcoa";"País Vasco País Vasco";"/wiki/Vergara";"43.1175442";"-2.4133452"
"San Carlos de la Rápita";"14718";"Tarragona";"Cataluña Cataluña";"/wiki/San_Carlos_de_la_R%C3%A1pita";"40.620301";"0.592744"
"Vallirana";"14676";"Barcelona";"Cataluña Cataluña";"/wiki/Vallirana";"41.3877623";"1.9320806"
"Azpeitia";"14666";"Guipúzcoa";"País Vasco País Vasco";"/wiki/Azpeitia";"43.181944444444";"-2.2652777777778"
"Villaviciosa";"14642";"Asturias";"Principado de Asturias Principado de Asturias";"/wiki/Villaviciosa";"43.4813318";"-5.4334618"
"Andoáin";"14613";"Guipúzcoa";"País Vasco País Vasco";"/wiki/Ando%C3%A1in";"43.2183341";"-2.019888"
"Zizur Mayor";"14612";"Navarra";"Navarra Navarra";"/wiki/Zizur_Mayor";"42.786666666667";"-1.6908333333333"
"Arnedo";"14609";"La Rioja";"La Rioja La Rioja";"/wiki/Arnedo";"42.227777777778";"-2.1"
"Cubellas";"14608";"Barcelona";"Cataluña Cataluña";"/wiki/Cubellas";"41.21";"1.6736111111111"
"Mollerusa";"14585";"Lérida";"Cataluña Cataluña";"/wiki/Mollerusa";"41.631666666667";"0.89611111111111"
"Torredelcampo";"14538";"Jaén";"Andalucía Andalucía";"/wiki/Torredelcampo";"37.8346076";"-3.90380675468"
"Benetúser";"14505";"Valencia";"Comunidad Valenciana Comunidad Valenciana";"/wiki/Benet%C3%BAser";"39.422655555556";"-0.39723888888889"
"Palau-solità i Plegamans";"14494";"Barcelona";"Cataluña Cataluña";"/wiki/Palau-solit%C3%A0_i_Plegamans";"41.587554";"2.178529"
"Villalba";"14487";"Lugo";"Galicia Galicia";"/wiki/Villalba_(Lugo)";"43.2962717";"-7.6786104"
"Alpedrete";"14417";"Madrid";"Comunidad de Madrid Comunidad de Madrid";"/wiki/Alpedrete";"40.658333333333";"-4.0322222222222"
"Noya";"14337";"La Coruña";"Galicia Galicia";"/wiki/Noya";"42.785";"-8.8877777777778"
"Santa Úrsula";"14296";"Santa Cruz de Tenerife";"Canarias Canarias";"/wiki/Santa_%C3%9Arsula";"28.4252917";"-16.4917035"
"Canet de Mar";"14284";"Barcelona";"Cataluña Cataluña";"/wiki/Canet_de_Mar";"41.591111111111";"2.5827777777778"
"Churriana de la Vega";"14215";"Granada";"Andalucía Andalucía";"/wiki/Churriana_de_la_Vega";"37.147777777778";"-3.6461111111111"
"Gondomar";"14192";"Pontevedra";"Galicia Galicia";"/wiki/Gondomar";"42.110833333333";"-8.7613888888889"
"Bollullos Par del Condado";"14177";"Huelva";"Andalucía Andalucía";"/wiki/Bollullos_Par_del_Condado";"37.339722222222";"-6.5372222222222"
"Corbera de Llobregat";"14168";"Barcelona";"Cataluña Cataluña";"/wiki/Corbera_de_Llobregat";"41.416944444444";"1.9313888888889"
"Verín";"14031";"Orense";"Galicia Galicia";"/wiki/Ver%C3%ADn";"41.940833333333";"-7.4358333333333"
"Pilas";"13999";"Sevilla";"Andalucía Andalucía";"/wiki/Pilas";"37.301666666667";"-6.3025"
"Cambados";"13977";"Pontevedra";"Galicia Galicia";"/wiki/Cambados";"42.51439";"-8.8138414"
"Santa María de Guía de Gran Canaria";"13970";"Las Palmas";"Canarias Canarias";"/wiki/Santa_Mar%C3%ADa_de_Gu%C3%ADa_de_Gran_Canaria";"28.138888888889";"-15.632777777778"
"Beasáin";"13949";"Guipúzcoa";"País Vasco País Vasco";"/wiki/Beas%C3%A1in";"43.0473269";"-2.2032868"
"Campo de Criptana";"13949";"Ciudad Real";"Castilla-La Mancha Castilla-La Mancha";"/wiki/Campo_de_Criptana";"39.406666666667";"-3.125"
"Tuineje";"13945";"Las Palmas";"Canarias Canarias";"/wiki/Tuineje";"28.316667";"-14.05"
"La Carlota";"13936";"Córdoba";"Andalucía Andalucía";"/wiki/La_Carlota_(Espa%C3%B1a)";"37.6749292";"-4.9296481"
"Carballino";"13913";"Orense";"Galicia Galicia";"/wiki/Carballino";"42.429638";"-8.077466"
"Torelló";"13877";"Barcelona";"Cataluña Cataluña";"/wiki/Torell%C3%B3";"42.05";"2.2652777777778"
"Torredonjimeno";"13874";"Jaén";"Andalucía Andalucía";"/wiki/Torredonjimeno";"37.7614218";"-3.9509951"
"Llanera";"13846";"Asturias";"Principado de Asturias Principado de Asturias";"/wiki/Llanera";"43.45445725";"-5.85212534413"
"Llanes";"13841";"Asturias";"Principado de Asturias Principado de Asturias";"/wiki/Llanes";"43.4211205";"-4.7530835"
"Sóller";"13791";"Islas Baleares";"Islas Baleares Islas Baleares";"/wiki/S%C3%B3ller";"39.766666666667";"2.7"
"Canals";"13775";"Valencia";"Comunidad Valenciana Comunidad Valenciana";"/wiki/Canals_(Valencia)";"38.953611111111";"-0.58472222222222"
"El Barco de Valdeorras";"13761";"Orense";"Galicia Galicia";"/wiki/El_Barco_de_Valdeorras";"42.416666666667";"-6.9830555555556"
"Ogíjares";"13718";"Granada";"Andalucía Andalucía";"/wiki/Og%C3%ADjares";"37.12";"-3.6069444444444"
"Estella";"13668";"Navarra";"Navarra Navarra";"/wiki/Estella";"42.666666666667";"-2.0166666666667"
"Tomiño";"13548";"Pontevedra";"Galicia Galicia";"/wiki/Tomi%C3%B1o";"41.9960729";"-8.73140583572"
"Sanlúcar la Mayor";"13539";"Sevilla";"Andalucía Andalucía";"/wiki/Sanl%C3%BAcar_la_Mayor";"37.385833333333";"-6.2016666666667"
"Aguilar de la Frontera";"13511";"Córdoba";"Andalucía Andalucía";"/wiki/Aguilar_de_la_Frontera";"37.516666666667";"-4.65"
"Badia del Vallès";"13482";"Barcelona";"Cataluña Cataluña";"/wiki/Badia_del_Vall%C3%A8s";"41.510555555556";"2.1169444444444"
"Meco";"13426";"Madrid";"Comunidad de Madrid Comunidad de Madrid";"/wiki/Meco";"40.553888888889";"-3.3261111111111"
"Sopelana";"13407";"Vizcaya";"País Vasco País Vasco";"/wiki/Sopelana";"43.381388888889";"-2.9822222222222"
"Béjar";"13403";"Salamanca";"Castilla y León Castilla y León";"/wiki/B%C3%A9jar";"40.384722222222";"-5.7619444444444"
"Laviana";"13402";"Asturias";"Principado de Asturias Principado de Asturias";"/wiki/Laviana_(Asturias)";"43.2320611";"-5.54768815742"
"Cuevas del Almanzora";"13362";"Almería";"Andalucía Andalucía";"/wiki/Cuevas_del_Almanzora";"37.296944444444";"-1.8797222222222"
"Sarria";"13337";"Lugo";"Galicia Galicia";"/wiki/Sarria";"42.777778";"-7.414444"
"Nules";"13305";"Castellón";"Comunidad Valenciana Comunidad Valenciana";"/wiki/Nules";"39.8525";"-0.15055555555556"
"Alginet";"13283";"Valencia";"Comunidad Valenciana Comunidad Valenciana";"/wiki/Alginet";"39.2651129";"-0.4716912"
"Gines";"13261";"Sevilla";"Andalucía Andalucía";"/wiki/Gines";"37.3874875";"-6.0779892"
"Torrijos";"13257";"Toledo";"Castilla-La Mancha Castilla-La Mancha";"/wiki/Torrijos_(Espa%C3%B1a)";"39.983333333333";"-4.2813888888889"
"Fene";"13250";"La Coruña";"Galicia Galicia";"/wiki/Fene";"43.466666666667";"-8.1666666666667"
"La Llagosta";"13247";"Barcelona";"Cataluña Cataluña";"/wiki/La_Llagosta";"41.515555555556";"2.1927777777778"
"Villafranca de los Barros";"13224";"Badajoz";"Extremadura Extremadura";"/wiki/Villafranca_de_los_Barros";"38.5613358";"-6.3392419"
"Cangas del Narcea";"13213";"Asturias";"Principado de Asturias Principado de Asturias";"/wiki/Cangas_del_Narcea";"43.1774374";"-6.5499784"
"Abarán";"13183";"Murcia";"Región de Murcia Región de Murcia";"/wiki/Abar%C3%A1n";"38.203055555556";"-1.4002777777778"
"Godella";"13029";"Valencia";"Comunidad Valenciana Comunidad Valenciana";"/wiki/Godella";"39.5183728";"-0.4103159"
"Betanzos";"12966";"La Coruña";"Galicia Galicia";"/wiki/Betanzos";"43.2791691";"-8.2106329"
"Álora";"12941";"Málaga";"Andalucía Andalucía";"/wiki/%C3%81lora";"36.8232264";"-4.7020115"
"Jaca";"12929";"Huesca";"Aragón Aragón";"/wiki/Jaca";"42.55";"-0.55"
"Ciudad Rodrigo";"12896";"Salamanca";"Castilla y León Castilla y León";"/wiki/Ciudad_Rodrigo";"40.596944444444";"-6.5225"
"San Agustín del Guadalix";"12862";"Madrid";"Comunidad de Madrid Comunidad de Madrid";"/wiki/San_Agust%C3%ADn_del_Guadalix";"40.678055555556";"-3.615"
"Valverde del Camino";"12857";"Huelva";"Andalucía Andalucía";"/wiki/Valverde_del_Camino";"37.5739612";"-6.7543559"
"Coria";"12886";"Cáceres";"Extremadura Extremadura";"/wiki/Coria";"39.981944444444";"-6.5372222222222"
"Vejer de la Frontera";"12788";"Cádiz";"Andalucía Andalucía";"/wiki/Vejer_de_la_Frontera";"36.252222222222";"-5.9633333333333"
"Villalbilla";"12719";"Madrid";"Comunidad de Madrid Comunidad de Madrid";"/wiki/Villalbilla";"40.4321635";"-3.3011293"
"La Puebla";"12714";"Islas Baleares";"Islas Baleares Islas Baleares";"/wiki/La_Puebla";"39.769294";"3.022528"
"Santa Cruz de Bezana";"12679";"Cantabria";"Cantabria Cantabria";"/wiki/Santa_Cruz_de_Bezana";"43.444166666667";"-3.9030555555556"
"Órdenes";"12669";"La Coruña";"Galicia Galicia";"/wiki/%C3%93rdenes";"43.076666666667";"-8.4072222222222"
"San Sadurní de Noya";"12654";"Barcelona";"Cataluña Cataluña";"/wiki/San_Sadurn%C3%AD_de_Noya";"41.426111111111";"1.785"
"Socuéllamos";"12628";"Ciudad Real";"Castilla-La Mancha Castilla-La Mancha";"/wiki/Socu%C3%A9llamos";"39.293333333333";"-2.7941666666667"
"Brenes";"12615";"Sevilla";"Andalucía Andalucía";"/wiki/Brenes";"37.550555555556";"-5.8730555555556"
"Santa Coloma de Farnés";"12583";"Gerona";"Cataluña Cataluña";"/wiki/Santa_Coloma_de_Farn%C3%A9s";"41.862402";"2.66536"
"Cuarte de Huerva";"12581";"Zaragoza";"Aragón Aragón";"/wiki/Cuarte_de_Huerva";"41.5935919";"-0.9388829"
"Guillena";"12570";"Sevilla";"Andalucía Andalucía";"/wiki/Guillena";"37.5464709";"-6.057052"
"Gibraleón";"12523";"Huelva";"Andalucía Andalucía";"/wiki/Gibrale%C3%B3n";"37.3751414";"-6.969363"
"Teror";"12489";"Las Palmas";"Canarias Canarias";"/wiki/Teror";"28.0590002";"-15.5475653"
"Vilanova del Camí";"12409";"Barcelona";"Cataluña Cataluña";"/wiki/Vilanova_del_Cam%C3%AD";"41.573333333333";"1.6380555555556"
"Alovera";"12407";"Guadalajara";"Castilla-La Mancha Castilla-La Mancha";"/wiki/Alovera";"40.596666666667";"-3.2480555555556"
"Salobreña";"12399";"Granada";"Andalucía Andalucía";"/wiki/Salobre%C3%B1a";"36.746666666667";"-3.5869444444444"
"Berja";"12380";"Almería";"Andalucía Andalucía";"/wiki/Berja";"36.8451632";"-2.9470166"
"Moralzarzal";"12372";"Madrid";"Comunidad de Madrid Comunidad de Madrid";"/wiki/Moralzarzal";"40.675";"-3.9694444444444"
"Castellbisbal";"12277";"Barcelona";"Cataluña Cataluña";"/wiki/Castellbisbal";"41.476666666667";"1.9822222222222"
"Monóvar";"12272";"Alicante";"Comunidad Valenciana Comunidad Valenciana";"/wiki/Mon%C3%B3var";"38.436938888889";"-0.83377222222222"
"Villamartín";"12267";"Cádiz";"Andalucía Andalucía";"/wiki/Villamart%C3%ADn";"36.8591822";"-5.6434544"
"Arrigorriaga";"12260";"Vizcaya";"País Vasco País Vasco";"/wiki/Arrigorriaga";"43.207777777778";"-2.8861111111111"
"Valdés";"12243";"Asturias";"Principado de Asturias Principado de Asturias";"/wiki/Vald%C3%A9s";"43.48469935";"-6.47123070696"
"Velilla de San Antonio";"12222";"Madrid";"Comunidad de Madrid Comunidad de Madrid";"/wiki/Velilla_de_San_Antonio";"40.366944444444";"-3.4880555555556"
"Abrera";"12216";"Barcelona";"Cataluña Cataluña";"/wiki/Abrera";"41.516465";"1.902428"
"Bueu";"12189";"Pontevedra";"Galicia Galicia";"/wiki/Bueu";"42.324878";"-8.7859271"
"Seo de Urgel";"12185";"Lérida";"Cataluña Cataluña";"/wiki/Seo_de_Urgel";"42.357777777778";"1.4586111111111"
"Valdemorillo";"12168";"Madrid";"Comunidad de Madrid Comunidad de Madrid";"/wiki/Valdemorillo";"40.502222222222";"-4.0658333333333"
"Formentera";"12124";"Islas Baleares";"Islas Baleares Islas Baleares";"/wiki/Formentera";"38.7";"1.45"
"Bayona";"12119";"Pontevedra";"Galicia Galicia";"/wiki/Bayona_(Espa%C3%B1a)";"42.1199257";"-8.8500865"
"Argentona";"12051";"Barcelona";"Cataluña Cataluña";"/wiki/Argentona";"41.555833333333";"2.4025"
"Olivenza";"12032";"Badajoz";"Extremadura Extremadura";"/wiki/Olivenza";"38.685744";"-7.100731"
"Valle de Trápaga";"12030";"Vizcaya";"País Vasco País Vasco";"/wiki/Valle_de_Tr%C3%A1paga";"43.306111111111";"-3.0355555555556"
"La Puebla del Río";"11995";"Sevilla";"Andalucía Andalucía";"/wiki/La_Puebla_del_R%C3%ADo";"37.267222222222";"-6.0625"
"Bolaños de Calatrava";"11994";"Ciudad Real";"Castilla-La Mancha Castilla-La Mancha";"/wiki/Bola%C3%B1os_de_Calatrava";"38.905555555556";"-3.6663888888889"
"Jódar";"11994";"Jaén";"Andalucía Andalucía";"/wiki/J%C3%B3dar";"37.8406838";"-3.3548717"
"Benifayó";"11903";"Valencia";"Comunidad Valenciana Comunidad Valenciana";"/wiki/Benifay%C3%B3";"39.2854089";"-0.426264"
"La Alcudia";"11820";"Valencia";"Comunidad Valenciana Comunidad Valenciana";"/wiki/La_Alcudia_(Valencia)";"39.195833333333";"-0.50722222222222"
"Alcalá del Río";"11813";"Sevilla";"Andalucía Andalucía";"/wiki/Alcal%C3%A1_del_R%C3%ADo";"37.518333333333";"-5.9783333333333"
"Cunit";"11808";"Tarragona";"Cataluña Cataluña";"/wiki/Cunit";"41.197559";"1.634533"
"Huétor Vega";"11777";"Granada";"Andalucía Andalucía";"/wiki/Hu%C3%A9tor_Vega";"37.145277777778";"-3.5694444444444"
"Albatera";"11756";"Alicante";"Comunidad Valenciana Comunidad Valenciana";"/wiki/Albatera";"38.178611111111";"-0.86805555555556"
"Medina-Sidonia";"11756";"Cádiz";"Andalucía Andalucía";"/wiki/Medina-Sidonia";"36.4576714";"-5.9272725"
"Utiel";"11748";"Valencia";"Comunidad Valenciana Comunidad Valenciana";"/wiki/Utiel";"39.567222222222";"-1.2066666666667"
"Bullas";"11714";"Murcia";"Región de Murcia Región de Murcia";"/wiki/Bullas";"38.049722222222";"-1.6705555555556"
"Santa Margarita";"11632";"Islas Baleares";"Islas Baleares Islas Baleares";"/wiki/Santa_Margarita_(Baleares)";"39.703333333333";"3.1036111111111"
"Montgat";"11621";"Barcelona";"Cataluña Cataluña";"/wiki/Montgat";"41.4666983";"2.2789654"
"El Casar";"11601";"Guadalajara";"Castilla-La Mancha Castilla-La Mancha";"/wiki/El_Casar";"40.703333333333";"-3.4263888888889"
"Elgóibar";"11594";"Guipúzcoa";"País Vasco País Vasco";"/wiki/Elg%C3%B3ibar";"43.214166666667";"-2.4169444444444"
"Azcoitia";"11587";"Guipúzcoa";"País Vasco País Vasco";"/wiki/Azcoitia";"43.179167";"-2.310556"
"Deltebre";"11544";"Tarragona";"Cataluña Cataluña";"/wiki/Deltebre";"40.719444444444";"0.70833333333333"
"Montroig";"11521";"Tarragona";"Cataluña Cataluña";"/wiki/Montroig";"41.088245";"0.957827"
"Torroella de Montgrí";"12506";"Gerona";"Cataluña Cataluña";"/wiki/Torroella_de_Montgr%C3%AD";"42.043888888889";"3.1286111111111"
"Laredo";"11446";"Cantabria";"Cantabria Cantabria";"/wiki/Laredo_(Cantabria)";"43.414444444444";"-3.41"
"Cocentaina";"11432";"Alicante";"Comunidad Valenciana Comunidad Valenciana";"/wiki/Cocentaina";"38.745";"-0.44055555555556"
"Lena";"11430";"Asturias";"Principado de Asturias Principado de Asturias";"/wiki/Lena_(Asturias)";"43.0830515";"-5.79222323497"
"Capdepera";"11356";"Islas Baleares";"Islas Baleares Islas Baleares";"/wiki/Capdepera";"39.7";"3.433333"
"Oñate";"11348";"Guipúzcoa";"País Vasco País Vasco";"/wiki/O%C3%B1ate";"43.032778";"-2.411667"
"Pallejá";"11348";"Barcelona";"Cataluña Cataluña";"/wiki/Pallej%C3%A1";"41.424166666667";"1.9977777777778"
"Santiago del Teide";"11338";"Santa Cruz de Tenerife";"Canarias Canarias";"/wiki/Santiago_del_Teide";"28.2957363";"-16.8144779"
"Haro";"11324";"La Rioja";"La Rioja";"/wiki/Haro";"42.576944444444";"-2.8461111111111"
"Ceutí";"11321";"Murcia";"Región de Murcia Región de Murcia";"/wiki/Ceut%C3%AD";"38.078888888889";"-1.2722222222222"
"Laracha";"11295";"La Coruña";"Galicia Galicia";"/wiki/Laracha";"43.248611111111";"-8.5833333333333"
"Aller";"11286";"Asturias";"Principado de Asturias Principado de Asturias";"/wiki/Aller";"43.10583365";"-5.58045275153"
"Picaña";"11281";"Valencia";"Comunidad Valenciana Comunidad Valenciana";"/wiki/Pica%C3%B1a";"39.4355947";"-0.4359054"
"Astorga";"11264";"León";"Castilla y León Castilla y León";"/wiki/Astorga";"42.4575";"-6.0569444444444"
"Peligros";"11242";"Granada";"Andalucía Andalucía";"/wiki/Peligros";"37.230833333333";"-3.6286111111111"
"Santañy";"11220";"Islas Baleares";"Islas Baleares Islas Baleares";"/wiki/Santa%C3%B1y";"39.354166666667";"3.1283333333333"
"Sonseca";"11198";"Toledo";"Castilla-La Mancha Castilla-La Mancha";"/wiki/Sonseca";"39.678888888889";"-3.9702777777778"
"Mancha Real";"11194";"Jaén";"Andalucía Andalucía";"/wiki/Mancha_Real";"37.7863988";"-3.6124276"
"La Puebla de Cazalla";"11190";"Sevilla";"Andalucía Andalucía";"/wiki/La_Puebla_de_Cazalla";"37.223055555556";"-5.3105555555556"
"Peñarroya-Pueblonuevo";"11160";"Córdoba";"Andalucía Andalucía";"/wiki/Pe%C3%B1arroya-Pueblonuevo";"38.3026178";"-5.2714828"
"Albox";"11144";"Almería";"Andalucía Andalucía";"/wiki/Albox";"37.383333333333";"-2.1333333333333"
"Quintanar de la Orden";"11130";"Toledo";"Castilla-La Mancha Castilla-La Mancha";"/wiki/Quintanar_de_la_Orden";"39.595833333333";"-3.0469444444444"
"Son Servera";"11119";"Islas Baleares";"Islas Baleares Islas Baleares";"/wiki/Son_Servera";"39.620833333333";"3.36"
"Beniel";"11114";"Murcia";"Región de Murcia Región de Murcia";"/wiki/Beniel";"38.046388888889";"-1.0013888888889"
"Tegueste";"11114";"Santa Cruz de Tenerife";"Canarias Canarias";"/wiki/Tegueste";"28.5232609";"-16.3407638"
"Santoña";"11085";"Cantabria";"Cantabria Cantabria";"/wiki/Santo%C3%B1a";"43.441388888889";"-3.4575"
"Echévarri";"11017";"Vizcaya";"País Vasco País Vasco";"/wiki/Ech%C3%A9varri";"43.247222222222";"-2.8908333333333"
"Los Corrales de Buelna";"11003";"Cantabria";"Cantabria Cantabria";"/wiki/Los_Corrales_de_Buelna";"43.261666666667";"-4.0652777777778"
"Fuensalida";"11001";"Toledo";"Castilla-La Mancha Castilla-La Mancha";"/wiki/Fuensalida";"40.056388888889";"-4.1988888888889"
"Benisa";"11000";"Alicante";"Comunidad Valenciana Comunidad Valenciana";"/wiki/Benisa";"38.715277777778";"0.05"
"Villacarrillo";"11000";"Jaén";"Andalucía Andalucía";"/wiki/Villacarrillo";"38.115277777778";"-3.0872222222222"
"Benaguacil";"10967";"Valencia";"Comunidad Valenciana Comunidad Valenciana";"/wiki/Benaguacil";"39.593333333333";"-0.58638888888889"
"Fuente Palmera";"10893";"Córdoba";"Andalucía Andalucía";"/wiki/Fuente_Palmera";"37.7032348";"-5.104126"
"Andrach";"10873";"Islas Baleares";"Islas Baleares Islas Baleares";"/wiki/Andrach";"39.574601";"2.420554"
"Antigua";"10834";"Las Palmas";"Canarias Canarias";"/wiki/Antigua_(Fuerteventura)";"28.4160163";"-14.0118473"
"Ansoáin";"10817";"Comunidad Foral de Navarra";"Navarra Navarra";"/wiki/Anso%C3%A1in";"42.835555555556";"-1.6394444444444"
"Madridejos";"10793";"Toledo";"Castilla-La Mancha Castilla-La Mancha";"/wiki/Madridejos";"39.465833333333";"-3.5297222222222"
"Palos de la Frontera";"10785";"Huelva";"Andalucía Andalucía";"/wiki/Palos_de_la_Frontera";"37.2277697";"-6.8932258"
"Castellón de Ampurias";"10784";"Gerona";"Cataluña Cataluña";"/wiki/Castell%C3%B3n_de_Ampurias";"42.2591074";"3.0746425"
"San Juan de Torruella";"10759";"Barcelona";"Cataluña Cataluña";"/wiki/San_Juan_de_Torruella";"41.745555555556";"1.8055555555556"
"El Grove";"10758";"Pontevedra";"Galicia Galicia";"/wiki/El_Grove";"42.4953017";"-8.8640902"
"La Bisbal del Ampurdán";"10742";"Gerona";"Cataluña Cataluña";"/wiki/La_Bisbal_del_Ampurd%C3%A1n";"41.959012";"3.037783"
"Pinos Puente";"10718";"Granada";"Andalucía Andalucía";"/wiki/Pinos_Puente";"37.251666666667";"-3.7494444444444"
"Tarazona";"10713";"Zaragoza";"Aragón Aragón";"/wiki/Tarazona";"41.904444444444";"-1.7225"
"Calonge";"10709";"Gerona";"Cataluña Cataluña";"/wiki/Calonge";"41.8625";"3.0763888888889"
"Alcaudete";"10698";"Jaén";"Andalucía Andalucía";"/wiki/Alcaudete";"37.5881403";"-4.0812937"
"San Andrés de Llavaneras";"10663";"Barcelona";"Cataluña Cataluña";"/wiki/San_Andr%C3%A9s_de_Llavaneras";"41.573333333333";"2.4827777777778"
"Tafalla";"10660";"Navarra";"Navarra Navarra";"/wiki/Tafalla";"42.528888888889";"-1.6736111111111"
"Teulada";"10654";"Alicante";"Comunidad Valenciana Comunidad Valenciana";"/wiki/Teulada";"38.729166666667";"0.10194444444444"
"Cantillana";"10645";"Sevilla";"Andalucía Andalucía";"/wiki/Cantillana";"37.6088766";"-5.8244449"
"Barbadás";"10638";"Orense";"Galicia Galicia";"/wiki/Barbad%C3%A1s";"42.300277777778";"-7.9063888888889"
"Carreño";"10636";"Asturias";"Principado de Asturias Principado de Asturias";"/wiki/Carre%C3%B1o";"43.5516096";"-5.78944628636"
"La Palma del Condado";"10624";"Huelva";"Andalucía Andalucía";"/wiki/La_Palma_del_Condado";"37.3841757";"-6.5517596"
"Meliana";"10619";"Valencia";"Comunidad Valenciana Comunidad Valenciana";"/wiki/Meliana";"39.527222222222";"-0.34916666666667"
"Yuncos";"10613";"Toledo";"Castilla-La Mancha Castilla-La Mancha";"/wiki/Yuncos";"40.086666666667";"-3.8722222222222"
"La Roca del Vallés";"10599";"Barcelona";"Cataluña Cataluña";"/wiki/La_Roca_del_Vall%C3%A9s";"41.582652";"2.324701"
"Ripoll";"10583";"Gerona";"Cataluña Cataluña";"/wiki/Ripoll";"42.201085";"2.190272"
"Castillo de Aro";"10567";"Gerona";"Cataluña Cataluña";"/wiki/Castillo_de_Aro";"41.819166666667";"3.0683333333333"
"Alberique";"10537";"Valencia";"Comunidad Valenciana Comunidad Valenciana";"/wiki/Alberique";"39.116666666667";"-0.52111111111111"
"Alcora";"10535";"Castellón";"Comunidad Valenciana Comunidad Valenciana";"/wiki/Alcora";"40.0744223";"-0.2138589"
"Gozón";"10534";"Asturias";"Principado de Asturias Principado de Asturias";"/wiki/Goz%C3%B3n";"43.6062238";"-5.84730822449"
"Vegas del Genil";"10518";"Granada";"Andalucía Andalucía";"/wiki/Vegas_del_Genil";"37.171666666667";"-3.6675"
"Ocaña";"10489";"Toledo";"Castilla-La Mancha Castilla-La Mancha";"/wiki/Oca%C3%B1a_(Toledo)";"39.956944444444";"-3.4966666666667"
"La Bañeza";"10450";"León";"Castilla y León Castilla y León";"/wiki/La_Ba%C3%B1eza";"42.2975";"-5.9016666666667"
"Premiá de Dalt";"10446";"Barcelona";"Cataluña Cataluña";"/wiki/Premi%C3%A1_de_Dalt";"41.508055555556";"2.3458333333333"
"Villanueva de Arosa";"10406";"Pontevedra";"Galicia Galicia";"/wiki/Villanueva_de_Arosa";"42.5626279";"-8.8299345"
"La Escala";"10400";"Gerona";"Cataluña Cataluña";"/wiki/La_Escala";"42.1135764";"3.1349656"
"Puentes de García Rodríguez";"10399";"La Coruña";"Galicia Galicia";"/wiki/Puentes_de_Garc%C3%ADa_Rodr%C3%ADguez";"43.4502183";"-7.853109"
"Brunete";"10374";"Madrid";"Comunidad de Madrid Comunidad de Madrid";"/wiki/Brunete";"40.4";"-3.9936111111111"
"Bollullos de la Mitación";"10330";"Sevilla";"Andalucía Andalucía";"/wiki/Bollullos_de_la_Mitaci%C3%B3n";"37.3399004";"-6.1376821"
"Consuegra";"10328";"Toledo";"Castilla-La Mancha Castilla-La Mancha";"/wiki/Consuegra";"39.461944444444";"-3.6063888888889"
"Villava";"10317";"Comunidad Foral de Navarra";"Navarra Navarra";"/wiki/Villava";"42.830833333333";"-1.6086111111111"
"Íllora";"10286";"Granada";"Andalucía Andalucía";"/wiki/%C3%8Dllora";"37.288333333333";"-3.8797222222222"
"Calasparra";"10268";"Murcia";"Región de Murcia Región de Murcia";"/wiki/Calasparra";"38.231111111111";"-1.6977777777778"
"Amurrio";"10260";"Álava";"País Vasco País Vasco";"/wiki/Amurrio";"43.0525066";"-3.000896"
"Oyarzun";"10175";"Guipúzcoa";"País Vasco País Vasco";"/wiki/Oyarzun";"43.299166666667";"-1.8577777777778"
"Sedaví";"10172";"Valencia";"Comunidad Valenciana Comunidad Valenciana";"/wiki/Sedav%C3%AD";"39.427074";"-0.3848735"
"Campos";"10164";"Islas Baleares";"Islas Baleares Islas Baleares";"/wiki/Campos_(Baleares)";"39.430556";"3.019444"
"Huétor-Tájar";"10162";"Granada";"Andalucía Andalucía";"/wiki/Hu%C3%A9tor-T%C3%A1jar";"37.1965075";"-4.046857"
"La Guardia";"10133";"Pontevedra";"Galicia Galicia";"/wiki/La_Guardia_(Pontevedra)";"41.9016436";"-8.8754007"
"Villarrubia de los Ojos";"10115";"Ciudad Real";"Castilla-La Mancha Castilla-La Mancha";"/wiki/Villarrubia_de_los_Ojos";"39.217919";"-3.6074682"
"Tauste";"10115";"Albacete";"Castilla-La Mancha Castilla-La Mancha";"/wiki/Caudete_(Albacete)";"38.7";"-0.98305555555556"
"Cassá de la Selva";"10025";"Gerona";"Cataluña Cataluña";"/wiki/Cass%C3%A1_de_la_Selva";"41.88934";"2.874249"
"Bargas";"10021";"Toledo";"Castilla-La Mancha Castilla-La Mancha";"/wiki/Bargas";"39.94";"-4.0194444444444"
